1:(3, 1, 7, 2, 1)
2:[1, 0, 8, 2, 1]
3:[1, 2, 2, 2, 2]
4:[1, 0, 3, 2, 2]
5:[1, 0, 3, 2, 2]
6:[1, 0, 3, 2, 2]
7:[3, 0, 0, 3, 2]
8:[3, 0, 0, 3, 2]
9:[3, 0, 0, 3, 2]
10:[3, 0, 0, 3, 2]
11:[3, 0, 0, 3, 2]
12:[3, 0, 0, 3, 2]
13:[3, 0, 0, 3, 2]
14:[3, 0, 0, 3, 2]
15:[3, 0, 0, 3, 2]
16:[3, 0, 0, 3, 2]
17:[3, 0, 0, 3, 2]
18:[3, 0, 0, 3, 2]
19:[3, 0, 0, 3, 2]
20:[3, 0, 0, 3, 2]
21:[3, 0, 0, 3, 2]
22:[3, 0, 0, 3, 2]
23:[3, 0, 0, 3, 2]
24:[3, 0, 0, 3, 2]
25:[3, 0, 0, 3, 2]
26:[3, 0, 0, 3, 2]
27:[1, 1, 0, 3, 2]
28:[1, 1, 0, 3, 2]
29:[1, 1, 0, 3, 2]
30:[1, 1, 0, 3, 2]
31:[1, 1, 0, 3, 2]
32:[1, 1, 0, 3, 2]
33:[1, 1, 0, 3, 2]
34:[1, 1, 0, 3, 2]
35:[1, 1, 0, 3, 2]
36:[1, 1, 0, 3, 2]
37:[1, 1, 0, 3, 2]
38:[1, 1, 0, 3, 2]
39:[1, 1, 0, 3, 2]
40:[1, 1, 0, 3, 2]
41:[1, 1, 0, 3, 2]
42:[1, 1, 0, 3, 2]
43:[1, 1, 0, 3, 2]
44:[1, 1, 0, 3, 2]
45:[1, 1, 0, 3, 2]
46:[1, 1, 0, 3, 2]
47:[1, 1, 0, 3, 2]
48:[1, 1, 0, 3, 2]
49:[1, 1, 0, 3, 2]
50:[1, 1, 0, 3, 2]
51:[1, 1, 0, 3, 2]
52:[1, 1, 0, 3, 2]
53:[1, 1, 0, 3, 2]
54:[1, 1, 0, 3, 2]
55:[1, 1, 0, 3, 2]
56:[1, 1, 0, 3, 2]
57:[1, 1, 0, 3, 2]
58:[1, 1, 0, 3, 2]
59:[1, 1, 0, 3, 2]
60:[1, 1, 0, 3, 2]
61:[1, 1, 0, 3, 2]
62:[1, 1, 0, 3, 2]
63:[1, 1, 0, 3, 2]
64:[1, 1, 0, 3, 2]
65:[1, 1, 0, 3, 2]
66:[1, 1, 0, 3, 2]
67:[1, 1, 0, 3, 2]
68:[1, 1, 0, 3, 2]
69:[1, 1, 0, 3, 2]
70:[1, 1, 0, 3, 2]
71:[1, 1, 0, 3, 2]
72:[1, 1, 0, 3, 2]
73:[1, 1, 0, 3, 2]
74:[1, 1, 0, 3, 2]
75:[1, 1, 0, 3, 2]
76:[1, 1, 0, 3, 2]
77:[1, 1, 0, 3, 2]
78:[1, 1, 0, 3, 2]
79:[1, 1, 0, 3, 2]
80:[1, 1, 0, 3, 2]
81:[1, 1, 0, 3, 2]
82:[1, 1, 0, 3, 2]
83:[1, 1, 0, 3, 2]
84:[1, 1, 0, 3, 2]
85:[1, 1, 0, 3, 2]
86:[1, 1, 0, 3, 2]
87:[1, 1, 0, 3, 2]
88:[1, 1, 0, 3, 2]
89:[1, 1, 0, 3, 2]
90:[1, 1, 0, 3, 2]
91:[1, 1, 0, 3, 2]
92:[1, 1, 0, 3, 2]
93:[1, 1, 0, 3, 2]
94:[1, 1, 0, 3, 2]
95:[1, 1, 0, 3, 2]
96:[1, 1, 0, 3, 2]
97:[1, 1, 0, 3, 2]
98:[1, 1, 0, 3, 2]
99:[1, 1, 0, 3, 2]
100:[1, 1, 0, 3, 2]
101:[1, 1, 0, 3, 2]
102:[1, 1, 0, 3, 2]
103:[1, 1, 0, 3, 2]
104:[1, 1, 0, 3, 2]
105:[1, 1, 0, 3, 2]
106:[1, 1, 0, 3, 2]
107:[1, 1, 0, 3, 2]
108:[1, 1, 0, 3, 2]
109:[1, 1, 0, 3, 2]
110:[1, 1, 0, 3, 2]
111:[1, 1, 0, 3, 2]
112:[1, 1, 0, 3, 2]
113:[1, 1, 0, 3, 2]
114:[1, 1, 0, 3, 2]
115:[1, 1, 0, 3, 2]
116:[1, 1, 0, 3, 2]
117:[1, 1, 0, 3, 2]
118:[1, 1, 0, 3, 2]
119:[1, 1, 0, 3, 2]
120:[1, 1, 0, 3, 2]
121:[1, 1, 0, 3, 2]
122:[1, 1, 0, 3, 2]
123:[1, 1, 0, 3, 2]
124:[1, 1, 0, 3, 2]
125:[1, 1, 0, 3, 2]
126:[1, 1, 0, 3, 2]
127:[1, 1, 0, 3, 2]
128:[1, 1, 0, 3, 2]
129:[1, 1, 0, 3, 2]
130:[1, 1, 0, 3, 2]
131:[1, 1, 0, 3, 2]
132:[1, 1, 0, 3, 2]
133:[1, 1, 0, 3, 2]
134:[1, 1, 0, 3, 2]
135:[1, 1, 0, 3, 2]
136:[1, 1, 0, 3, 2]
137:[1, 1, 0, 3, 2]
138:[1, 1, 0, 3, 2]
139:[1, 1, 0, 3, 2]
140:[1, 1, 0, 3, 2]
141:[1, 1, 0, 3, 2]
142:[1, 1, 0, 3, 2]
143:[1, 1, 0, 3, 2]
144:[1, 1, 0, 3, 2]
145:[1, 1, 0, 3, 2]
146:[1, 1, 0, 3, 2]
147:[1, 1, 0, 3, 2]
148:[1, 1, 0, 3, 2]
149:[1, 1, 0, 3, 2]
150:[1, 1, 0, 3, 2]
151:[1, 1, 0, 3, 2]
152:[1, 1, 0, 3, 2]
153:[1, 1, 0, 3, 2]
154:[1, 1, 0, 3, 2]
155:[1, 1, 0, 3, 2]
156:[1, 1, 0, 3, 2]
157:[1, 1, 0, 3, 2]
158:[1, 1, 0, 3, 2]
159:[1, 1, 0, 3, 2]
160:[1, 1, 0, 3, 2]
161:[1, 1, 0, 3, 2]
162:[1, 1, 0, 3, 2]
163:[1, 1, 0, 3, 2]
164:[1, 1, 0, 3, 2]
165:[1, 1, 0, 3, 2]
166:[1, 1, 0, 3, 2]
167:[1, 1, 0, 3, 2]
168:[1, 1, 0, 3, 2]
169:[1, 1, 0, 3, 2]
170:[1, 1, 0, 3, 2]
171:[1, 1, 0, 3, 2]
172:[1, 1, 0, 3, 2]
173:[1, 1, 0, 3, 2]
174:[1, 1, 0, 3, 2]
175:[1, 1, 0, 3, 2]
176:[1, 1, 0, 3, 2]
177:[1, 1, 0, 3, 2]
178:[1, 1, 0, 3, 2]
179:[1, 1, 0, 3, 2]
180:[1, 1, 0, 3, 2]
181:[1, 1, 0, 3, 2]
182:[1, 1, 0, 3, 2]
183:[1, 1, 0, 3, 2]
184:[1, 1, 0, 3, 2]
185:[1, 1, 0, 3, 2]
186:[1, 1, 0, 3, 2]
187:[1, 1, 0, 3, 2]
188:[1, 1, 0, 3, 2]
189:[1, 1, 0, 3, 2]
190:[1, 1, 0, 3, 2]
191:[1, 1, 0, 3, 2]
192:[1, 1, 0, 3, 2]
193:[1, 1, 0, 3, 2]
194:[1, 1, 0, 3, 2]
195:[1, 1, 0, 3, 2]
196:[1, 1, 0, 3, 2]
197:[1, 1, 0, 3, 2]
198:[1, 1, 0, 3, 2]
199:[1, 1, 0, 3, 2]
200:[1, 1, 0, 3, 2]
201:[1, 1, 0, 3, 2]
202:[1, 1, 0, 3, 2]
203:[1, 1, 0, 3, 2]
204:[1, 1, 0, 3, 2]
205:[1, 1, 0, 3, 2]
206:[1, 1, 0, 3, 2]
207:[1, 1, 0, 3, 2]
208:[1, 1, 0, 3, 2]
209:[1, 1, 0, 3, 2]
210:[1, 1, 0, 3, 2]
211:[1, 1, 0, 3, 2]
212:[1, 1, 0, 3, 2]
213:[1, 1, 0, 3, 2]
214:[1, 1, 0, 3, 2]
215:[1, 1, 0, 3, 2]
216:[1, 1, 0, 3, 2]
217:[1, 1, 0, 3, 2]
218:[1, 1, 0, 3, 2]
219:[1, 1, 0, 3, 2]
220:[1, 1, 0, 3, 2]
221:[1, 1, 0, 3, 2]
222:[1, 1, 0, 3, 2]
223:[1, 1, 0, 3, 2]
224:[1, 1, 0, 3, 2]
225:[1, 1, 0, 3, 2]
226:[1, 1, 0, 3, 2]
227:[1, 1, 0, 3, 2]
228:[1, 1, 0, 3, 2]
229:[1, 1, 0, 3, 2]
230:[1, 1, 0, 3, 2]
231:[1, 1, 0, 3, 2]
232:[1, 1, 0, 3, 2]
233:[1, 1, 0, 3, 2]
234:[1, 1, 0, 3, 2]
235:[1, 1, 0, 3, 2]
236:[1, 1, 0, 3, 2]
237:[1, 1, 0, 3, 2]
238:[1, 1, 0, 3, 2]
239:[1, 1, 0, 3, 2]
240:[1, 1, 0, 3, 2]
241:[1, 1, 0, 3, 2]
242:[1, 1, 0, 3, 2]
243:[1, 1, 0, 3, 2]
244:[1, 1, 0, 3, 2]
245:[1, 1, 0, 3, 2]
246:[1, 1, 0, 3, 2]
247:[1, 1, 0, 3, 2]
248:[1, 1, 0, 3, 2]
249:[1, 1, 0, 3, 2]
250:[1, 1, 0, 3, 2]
251:[1, 1, 0, 3, 2]
252:[1, 1, 0, 3, 2]
253:[1, 1, 0, 3, 2]
254:[1, 1, 0, 3, 2]
255:[1, 1, 0, 3, 2]
256:[1, 1, 0, 3, 2]
257:[1, 1, 0, 3, 2]
258:[1, 1, 0, 3, 2]
259:[1, 1, 0, 3, 2]
260:[1, 1, 0, 3, 2]
261:[1, 1, 0, 3, 2]
262:[1, 1, 0, 3, 2]
263:[1, 1, 0, 3, 2]
264:[1, 1, 0, 3, 2]
265:[1, 1, 0, 3, 2]
266:[1, 1, 0, 3, 2]
267:[1, 1, 0, 3, 2]
268:[1, 1, 0, 3, 2]
269:[1, 1, 0, 3, 2]
270:[1, 1, 0, 3, 2]
271:[1, 1, 0, 3, 2]
272:[1, 1, 0, 3, 2]
273:[1, 1, 0, 3, 2]
274:[1, 1, 0, 3, 2]
275:[1, 1, 0, 3, 2]
276:[1, 1, 0, 3, 2]
277:[1, 1, 0, 3, 2]
278:[1, 1, 0, 3, 2]
279:[1, 1, 0, 3, 2]
280:[1, 1, 0, 3, 2]
281:[1, 1, 0, 3, 2]
282:[1, 1, 0, 3, 2]
283:[1, 1, 0, 3, 2]
284:[1, 1, 0, 3, 2]
285:[1, 1, 0, 3, 2]
286:[1, 1, 0, 3, 2]
287:[1, 1, 0, 3, 2]
288:[1, 1, 0, 3, 2]
289:[1, 1, 0, 3, 2]
290:[1, 1, 0, 3, 2]
291:[1, 1, 0, 3, 2]
292:[1, 1, 0, 3, 2]
293:[1, 1, 0, 3, 2]
294:[1, 1, 0, 3, 2]
295:[1, 1, 0, 3, 2]
296:[1, 1, 0, 3, 2]
297:[1, 1, 0, 3, 2]
298:[1, 1, 0, 3, 2]
299:[1, 1, 0, 3, 2]
300:[1, 1, 0, 3, 2]
301:[1, 1, 0, 3, 2]
302:[1, 1, 0, 3, 2]
303:[1, 1, 0, 3, 2]
304:[1, 1, 0, 3, 2]
305:[1, 1, 0, 3, 2]
306:[1, 1, 0, 3, 2]
307:[1, 1, 0, 3, 2]
308:[1, 1, 0, 3, 2]
309:[1, 1, 0, 3, 2]
310:[1, 1, 0, 3, 2]
311:[1, 1, 0, 3, 2]
312:[1, 1, 0, 3, 2]
313:[1, 1, 0, 3, 2]
314:[1, 1, 0, 3, 2]
315:[1, 1, 0, 3, 2]
316:[1, 1, 0, 3, 2]
317:[1, 1, 0, 3, 2]
318:[1, 1, 0, 3, 2]
319:[1, 1, 0, 3, 2]
320:[1, 1, 0, 3, 2]
321:[1, 1, 0, 3, 2]
322:[1, 1, 0, 3, 2]
323:[1, 1, 0, 3, 2]
324:[1, 1, 0, 3, 2]
325:[1, 1, 0, 3, 2]
326:[1, 1, 0, 3, 2]
327:[1, 1, 0, 3, 2]
328:[1, 1, 0, 3, 2]
329:[1, 1, 0, 3, 2]
330:[1, 1, 0, 3, 2]
331:[1, 1, 0, 3, 2]
332:[1, 1, 0, 3, 2]
333:[1, 1, 0, 3, 2]
334:[1, 1, 0, 3, 2]
335:[1, 1, 0, 3, 2]
336:[1, 1, 0, 3, 2]
337:[1, 1, 0, 3, 2]
338:[1, 1, 0, 3, 2]
339:[1, 1, 0, 3, 2]
340:[1, 1, 0, 3, 2]
341:[1, 1, 0, 3, 2]
342:[1, 1, 0, 3, 2]
343:[1, 1, 0, 3, 2]
344:[1, 1, 0, 3, 2]
345:[1, 1, 0, 3, 2]
346:[1, 1, 0, 3, 2]
347:[1, 1, 0, 3, 2]
348:[1, 1, 0, 3, 2]
349:[1, 1, 0, 3, 2]
350:[1, 1, 0, 3, 2]
351:[1, 1, 0, 3, 2]
352:[1, 1, 0, 3, 2]
353:[1, 1, 0, 3, 2]
354:[1, 1, 0, 3, 2]
355:[1, 1, 0, 3, 2]
356:[1, 1, 0, 3, 2]
357:[1, 1, 0, 3, 2]
358:[1, 1, 0, 3, 2]
359:[1, 1, 0, 3, 2]
360:[1, 1, 0, 3, 2]
361:[1, 1, 0, 3, 2]
362:[1, 1, 0, 3, 2]
363:[1, 1, 0, 3, 2]
364:[1, 1, 0, 3, 2]
365:[1, 1, 0, 3, 2]
366:[1, 1, 0, 3, 2]
367:[1, 1, 0, 3, 2]
368:[1, 1, 0, 3, 2]
369:[1, 1, 0, 3, 2]
370:[1, 1, 0, 3, 2]
371:[1, 1, 0, 3, 2]
372:[1, 1, 0, 3, 2]
373:[1, 1, 0, 3, 2]
374:[1, 1, 0, 3, 2]
375:[1, 1, 0, 3, 2]
376:[1, 1, 0, 3, 2]
377:[1, 1, 0, 3, 2]
378:[1, 1, 0, 3, 2]
379:[1, 1, 0, 3, 2]
380:[1, 1, 0, 3, 2]
381:[1, 1, 0, 3, 2]
382:[1, 1, 0, 3, 2]
383:[1, 1, 0, 3, 2]
384:[1, 1, 0, 3, 2]
385:[1, 1, 0, 3, 2]
386:[1, 1, 0, 3, 2]
387:[1, 1, 0, 3, 2]
388:[1, 1, 0, 3, 2]
389:[1, 1, 0, 3, 2]
390:[1, 1, 0, 3, 2]
391:[1, 1, 0, 3, 2]
392:[1, 1, 0, 3, 2]
393:[1, 1, 0, 3, 2]
394:[1, 1, 0, 3, 2]
395:[1, 1, 0, 3, 2]
396:[1, 1, 0, 3, 2]
397:[1, 1, 0, 3, 2]
398:[1, 1, 0, 3, 2]
399:[1, 1, 0, 3, 2]
400:[1, 1, 0, 3, 2]
401:[1, 1, 0, 3, 2]
402:[1, 1, 0, 3, 2]
403:[1, 1, 0, 3, 2]
404:[1, 1, 0, 3, 2]
405:[1, 1, 0, 3, 2]
406:[1, 1, 0, 3, 2]
407:[1, 1, 0, 3, 2]
408:[1, 1, 0, 3, 2]
409:[1, 1, 0, 3, 2]
410:[1, 1, 0, 3, 2]
411:[1, 1, 0, 3, 2]
412:[1, 1, 0, 3, 2]
413:[1, 1, 0, 3, 2]
414:[1, 1, 0, 3, 2]
415:[1, 1, 0, 3, 2]
416:[1, 1, 0, 3, 2]
417:[1, 1, 0, 3, 2]
418:[1, 1, 0, 3, 2]
419:[1, 1, 0, 3, 2]
420:[1, 1, 0, 3, 2]
421:[1, 1, 0, 3, 2]
422:[1, 1, 0, 3, 2]
423:[1, 1, 0, 3, 2]
424:[1, 1, 0, 3, 2]
425:[1, 1, 0, 3, 2]
426:[1, 1, 0, 3, 2]
427:[1, 1, 0, 3, 2]
428:[1, 1, 0, 3, 2]
429:[1, 1, 0, 3, 2]
430:[1, 1, 0, 3, 2]
431:[1, 1, 0, 3, 2]
432:[1, 1, 0, 3, 2]
433:[1, 1, 0, 3, 2]
434:[1, 1, 0, 3, 2]
435:[1, 1, 0, 3, 2]
436:[1, 1, 0, 3, 2]
437:[1, 1, 0, 3, 2]
438:[1, 1, 0, 3, 2]
439:[1, 1, 0, 3, 2]
440:[1, 1, 0, 3, 2]
441:[1, 1, 0, 3, 2]
442:[1, 1, 0, 3, 2]
443:[1, 1, 0, 3, 2]
444:[1, 1, 0, 3, 2]
445:[1, 1, 0, 3, 2]
446:[1, 1, 0, 3, 2]
447:[1, 1, 0, 3, 2]
448:[1, 1, 0, 3, 2]
449:[1, 1, 0, 3, 2]
450:[1, 1, 0, 3, 2]
451:[1, 1, 0, 3, 2]
452:[1, 1, 0, 3, 2]
453:[1, 1, 0, 3, 2]
454:[1, 1, 0, 3, 2]
455:[1, 1, 0, 3, 2]
456:[1, 1, 0, 3, 2]
457:[1, 1, 0, 3, 2]
458:[1, 1, 0, 3, 2]
459:[1, 1, 0, 3, 2]
460:[1, 1, 0, 3, 2]
461:[1, 1, 0, 3, 2]
462:[1, 1, 0, 3, 2]
463:[1, 1, 0, 3, 2]
464:[1, 1, 0, 3, 2]
465:[1, 1, 0, 3, 2]
466:[1, 1, 0, 3, 2]
467:[1, 1, 0, 3, 2]
468:[1, 1, 0, 3, 2]
469:[1, 1, 0, 3, 2]
470:[1, 1, 0, 3, 2]
471:[1, 1, 0, 3, 2]
472:[1, 1, 0, 3, 2]
473:[1, 1, 0, 3, 2]
474:[1, 1, 0, 3, 2]
475:[1, 1, 0, 3, 2]
476:[1, 1, 0, 3, 2]
477:[1, 1, 0, 3, 2]
478:[1, 1, 0, 3, 2]
479:[1, 1, 0, 3, 2]
480:[1, 1, 0, 3, 2]
481:[1, 1, 0, 3, 2]
482:[1, 1, 0, 3, 2]
483:[1, 1, 0, 3, 2]
484:[1, 1, 0, 3, 2]
485:[1, 1, 0, 3, 2]
486:[1, 1, 0, 3, 2]
487:[1, 1, 0, 3, 2]
488:[1, 1, 0, 3, 2]
489:[1, 1, 0, 3, 2]
490:[1, 1, 0, 3, 2]
491:[1, 1, 0, 3, 2]
492:[1, 1, 0, 3, 2]
493:[1, 1, 0, 3, 2]
494:[1, 1, 0, 3, 2]
495:[1, 1, 0, 3, 2]
496:[1, 1, 0, 3, 2]
497:[1, 1, 0, 3, 2]
498:[1, 1, 0, 3, 2]
499:[1, 1, 0, 3, 2]
500:[1, 1, 0, 3, 2]
501:[1, 1, 0, 3, 2]
502:[1, 1, 0, 3, 2]
503:[1, 1, 0, 3, 2]
504:[1, 1, 0, 3, 2]
505:[1, 1, 0, 3, 2]
506:[1, 1, 0, 3, 2]
507:[1, 1, 0, 3, 2]
508:[1, 1, 0, 3, 2]
509:[1, 1, 0, 3, 2]
510:[1, 1, 0, 3, 2]
511:[1, 1, 0, 3, 2]
512:[1, 1, 0, 3, 2]
513:[1, 1, 0, 3, 2]
514:[1, 1, 0, 3, 2]
515:[1, 1, 0, 3, 2]
516:[1, 1, 0, 3, 2]
517:[1, 1, 0, 3, 2]
518:[1, 1, 0, 3, 2]
519:[1, 1, 0, 3, 2]
520:[1, 1, 0, 3, 2]
521:[1, 1, 0, 3, 2]
522:[1, 1, 0, 3, 2]
523:[1, 1, 0, 3, 2]
524:[1, 1, 0, 3, 2]
525:[1, 1, 0, 3, 2]
526:[1, 1, 0, 3, 2]
527:[1, 1, 0, 3, 2]
528:[1, 1, 0, 3, 2]
529:[1, 1, 0, 3, 2]
530:[1, 1, 0, 3, 2]
531:[1, 1, 0, 3, 2]
532:[1, 1, 0, 3, 2]
533:[1, 1, 0, 3, 2]
534:[1, 1, 0, 3, 2]
535:[1, 1, 0, 3, 2]
536:[1, 1, 0, 3, 2]
537:[1, 1, 0, 3, 2]
538:[1, 1, 0, 3, 2]
539:[1, 1, 0, 3, 2]
540:[1, 1, 0, 3, 2]
541:[1, 1, 0, 3, 2]
542:[1, 1, 0, 3, 2]
543:[1, 1, 0, 3, 2]
544:[1, 1, 0, 3, 2]
545:[1, 1, 0, 3, 2]
546:[1, 1, 0, 3, 2]
547:[1, 1, 0, 3, 2]
548:[1, 1, 0, 3, 2]
549:[1, 1, 0, 3, 2]
550:[1, 1, 0, 3, 2]
551:[1, 1, 0, 3, 2]
552:[1, 1, 0, 3, 2]
553:[1, 1, 0, 3, 2]
554:[1, 1, 0, 3, 2]
555:[1, 1, 0, 3, 2]
556:[1, 1, 0, 3, 2]
557:[1, 1, 0, 3, 2]
558:[1, 1, 0, 3, 2]
559:[1, 1, 0, 3, 2]
560:[1, 1, 0, 3, 2]
561:[1, 1, 0, 3, 2]
562:[1, 1, 0, 3, 2]
563:[1, 1, 0, 3, 2]
564:[1, 1, 0, 3, 2]
565:[1, 1, 0, 3, 2]
566:[1, 1, 0, 3, 2]
567:[1, 1, 0, 3, 2]
568:[1, 1, 0, 3, 2]
569:[1, 1, 0, 3, 2]
570:[1, 1, 0, 3, 2]
571:[1, 1, 0, 3, 2]
572:[1, 1, 0, 3, 2]
573:[1, 1, 0, 3, 2]
574:[1, 1, 0, 3, 2]
575:[1, 1, 0, 3, 2]
576:[1, 1, 0, 3, 2]
577:[1, 1, 0, 3, 2]
578:[1, 1, 0, 3, 2]
579:[1, 1, 0, 3, 2]
580:[1, 1, 0, 3, 2]
581:[1, 1, 0, 3, 2]
582:[1, 1, 0, 3, 2]
583:[1, 1, 0, 3, 2]
584:[1, 1, 0, 3, 2]
585:[1, 1, 0, 3, 2]
586:[1, 1, 0, 3, 2]
587:[1, 1, 0, 3, 2]
588:[1, 1, 0, 3, 2]
589:[1, 1, 0, 3, 2]
590:[1, 1, 0, 3, 2]
591:[1, 1, 0, 3, 2]
592:[1, 1, 0, 3, 2]
593:[1, 1, 0, 3, 2]
594:[1, 1, 0, 3, 2]
595:[1, 1, 0, 3, 2]
596:[1, 1, 0, 3, 2]
597:[1, 1, 0, 3, 2]
598:[1, 1, 0, 3, 2]
599:[1, 1, 0, 3, 2]
600:[1, 1, 0, 3, 2]
601:[1, 1, 0, 3, 2]
602:[1, 1, 0, 3, 2]
603:[1, 1, 0, 3, 2]
604:[1, 1, 0, 3, 2]
605:[1, 1, 0, 3, 2]
606:[1, 1, 0, 3, 2]
607:[1, 1, 0, 3, 2]
608:[1, 1, 0, 3, 2]
609:[1, 1, 0, 3, 2]
610:[1, 1, 0, 3, 2]
611:[1, 1, 0, 3, 2]
612:[1, 1, 0, 3, 2]
613:[1, 1, 0, 3, 2]
614:[1, 1, 0, 3, 2]
615:[1, 1, 0, 3, 2]
616:[1, 1, 0, 3, 2]
617:[1, 1, 0, 3, 2]
618:[1, 1, 0, 3, 2]
619:[1, 1, 0, 3, 2]
620:[1, 1, 0, 3, 2]
621:[1, 1, 0, 3, 2]
622:[1, 1, 0, 3, 2]
623:[1, 1, 0, 3, 2]
624:[1, 1, 0, 3, 2]
625:[1, 1, 0, 3, 2]
626:[1, 1, 0, 3, 2]
627:[1, 1, 0, 3, 2]
628:[1, 1, 0, 3, 2]
629:[1, 1, 0, 3, 2]
630:[1, 1, 0, 3, 2]
631:[1, 1, 0, 3, 2]
632:[1, 1, 0, 3, 2]
633:[1, 1, 0, 3, 2]
634:[1, 1, 0, 3, 2]
635:[1, 1, 0, 3, 2]
636:[1, 1, 0, 3, 2]
637:[1, 1, 0, 3, 2]
638:[1, 1, 0, 3, 2]
639:[1, 1, 0, 3, 2]
640:[1, 1, 0, 3, 2]
641:[1, 1, 0, 3, 2]
642:[1, 1, 0, 3, 2]
643:[1, 1, 0, 3, 2]
644:[1, 1, 0, 3, 2]
645:[1, 1, 0, 3, 2]
646:[1, 1, 0, 3, 2]
647:[1, 1, 0, 3, 2]
648:[1, 1, 0, 3, 2]
649:[1, 1, 0, 3, 2]
650:[1, 1, 0, 3, 2]
651:[1, 1, 0, 3, 2]
652:[1, 1, 0, 3, 2]
653:[1, 1, 0, 3, 2]
654:[1, 1, 0, 3, 2]
655:[1, 1, 0, 3, 2]
656:[1, 1, 0, 3, 2]
657:[1, 1, 0, 3, 2]
658:[1, 1, 0, 3, 2]
659:[1, 1, 0, 3, 2]
660:[1, 1, 0, 3, 2]
661:[1, 1, 0, 3, 2]
662:[1, 1, 0, 3, 2]
663:[1, 1, 0, 3, 2]
664:[1, 1, 0, 3, 2]
665:[1, 1, 0, 3, 2]
666:[1, 1, 0, 3, 2]
667:[1, 1, 0, 3, 2]
668:[1, 1, 0, 3, 2]
669:[1, 1, 0, 3, 2]
670:[1, 1, 0, 3, 2]
671:[1, 1, 0, 3, 2]
672:[1, 1, 0, 3, 2]
673:[1, 1, 0, 3, 2]
674:[1, 1, 0, 3, 2]
675:[1, 1, 0, 3, 2]
676:[1, 1, 0, 3, 2]
677:[1, 1, 0, 3, 2]
678:[1, 1, 0, 3, 2]
679:[1, 1, 0, 3, 2]
680:[1, 1, 0, 3, 2]
681:[1, 1, 0, 3, 2]
682:[1, 1, 0, 3, 2]
683:[1, 1, 0, 3, 2]
684:[1, 1, 0, 3, 2]
685:[1, 1, 0, 3, 2]
686:[1, 1, 0, 3, 2]
687:[1, 1, 0, 3, 2]
688:[1, 1, 0, 3, 2]
689:[1, 1, 0, 3, 2]
690:[1, 1, 0, 3, 2]
691:[1, 1, 0, 3, 2]
692:[1, 1, 0, 3, 2]
693:[1, 1, 0, 3, 2]
694:[1, 1, 0, 3, 2]
695:[1, 1, 0, 3, 2]
696:[1, 1, 0, 3, 2]
697:[1, 1, 0, 3, 2]
698:[1, 1, 0, 3, 2]
699:[1, 1, 0, 3, 2]
700:[1, 1, 0, 3, 2]
701:[1, 1, 0, 3, 2]
702:[1, 1, 0, 3, 2]
703:[1, 1, 0, 3, 2]
704:[1, 1, 0, 3, 2]
705:[1, 1, 0, 3, 2]
706:[1, 1, 0, 3, 2]
707:[1, 1, 0, 3, 2]
708:[1, 1, 0, 3, 2]
709:[1, 1, 0, 3, 2]
710:[1, 1, 0, 3, 2]
711:[1, 1, 0, 3, 2]
712:[1, 1, 0, 3, 2]
713:[1, 1, 0, 3, 2]
714:[1, 1, 0, 3, 2]
715:[1, 1, 0, 3, 2]
716:[1, 1, 0, 3, 2]
717:[1, 1, 0, 3, 2]
718:[1, 1, 0, 3, 2]
719:[1, 1, 0, 3, 2]
720:[1, 1, 0, 3, 2]
721:[1, 1, 0, 3, 2]
722:[1, 1, 0, 3, 2]
723:[1, 1, 0, 3, 2]
724:[1, 1, 0, 3, 2]
725:[1, 1, 0, 3, 2]
726:[1, 1, 0, 3, 2]
727:[1, 1, 0, 3, 2]
728:[1, 1, 0, 3, 2]
729:[1, 1, 0, 3, 2]
730:[1, 1, 0, 3, 2]
731:[1, 1, 0, 3, 2]
732:[1, 1, 0, 3, 2]
733:[1, 1, 0, 3, 2]
734:[1, 1, 0, 3, 2]
735:[1, 1, 0, 3, 2]
736:[1, 1, 0, 3, 2]
737:[1, 1, 0, 3, 2]
738:[1, 1, 0, 3, 2]
739:[1, 1, 0, 3, 2]
740:[1, 1, 0, 3, 2]
741:[1, 1, 0, 3, 2]
742:[1, 1, 0, 3, 2]
743:[1, 1, 0, 3, 2]
744:[1, 1, 0, 3, 2]
745:[1, 1, 0, 3, 2]
746:[1, 1, 0, 3, 2]
747:[1, 1, 0, 3, 2]
748:[1, 1, 0, 3, 2]
749:[1, 1, 0, 3, 2]
750:[1, 1, 0, 3, 2]
751:[1, 1, 0, 3, 2]
752:[1, 1, 0, 3, 2]
753:[1, 1, 0, 3, 2]
754:[1, 1, 0, 3, 2]
755:[1, 1, 0, 3, 2]
756:[1, 1, 0, 3, 2]
757:[1, 1, 0, 3, 2]
758:[1, 1, 0, 3, 2]
759:[1, 1, 0, 3, 2]
760:[1, 1, 0, 3, 2]
761:[1, 1, 0, 3, 2]
762:[1, 1, 0, 3, 2]
763:[1, 1, 0, 3, 2]
764:[1, 1, 0, 3, 2]
765:[1, 1, 0, 3, 2]
766:[1, 1, 0, 3, 2]
767:[1, 1, 0, 3, 2]
768:[1, 1, 0, 3, 2]
769:[1, 1, 0, 3, 2]
770:[1, 1, 0, 3, 2]
771:[1, 1, 0, 3, 2]
772:[1, 1, 0, 3, 2]
773:[1, 1, 0, 3, 2]
774:[1, 1, 0, 3, 2]
775:[1, 1, 0, 3, 2]
776:[1, 1, 0, 3, 2]
777:[1, 1, 0, 3, 2]
778:[1, 1, 0, 3, 2]
779:[1, 1, 0, 3, 2]
780:[1, 1, 0, 3, 2]
781:[1, 1, 0, 3, 2]
782:[1, 1, 0, 3, 2]
783:[1, 1, 0, 3, 2]
784:[1, 1, 0, 3, 2]
785:[1, 1, 0, 3, 2]
786:[1, 1, 0, 3, 2]
787:[1, 1, 0, 3, 2]
788:[1, 1, 0, 3, 2]
789:[1, 1, 0, 3, 2]
790:[1, 1, 0, 3, 2]
791:[1, 1, 0, 3, 2]
792:[1, 1, 0, 3, 2]
793:[1, 1, 0, 3, 2]
794:[1, 1, 0, 3, 2]
795:[1, 1, 0, 3, 2]
796:[1, 1, 0, 3, 2]
797:[1, 1, 0, 3, 2]
798:[1, 1, 0, 3, 2]
799:[1, 1, 0, 3, 2]
800:[1, 1, 0, 3, 2]
801:[1, 1, 0, 3, 2]
802:[1, 1, 0, 3, 2]
803:[1, 1, 0, 3, 2]
804:[1, 1, 0, 3, 2]
805:[1, 1, 0, 3, 2]
806:[1, 1, 0, 3, 2]
807:[1, 1, 0, 3, 2]
808:[1, 1, 0, 3, 2]
809:[1, 1, 0, 3, 2]
810:[1, 1, 0, 3, 2]
811:[1, 1, 0, 3, 2]
812:[1, 1, 0, 3, 2]
813:[1, 1, 0, 3, 2]
814:[1, 1, 0, 3, 2]
815:[1, 1, 0, 3, 2]
816:[1, 1, 0, 3, 2]
817:[1, 1, 0, 3, 2]
818:[1, 1, 0, 3, 2]
819:[1, 1, 0, 3, 2]
820:[1, 1, 0, 3, 2]
821:[1, 1, 0, 3, 2]
822:[1, 1, 0, 3, 2]
823:[1, 1, 0, 3, 2]
824:[1, 1, 0, 3, 2]
825:[1, 1, 0, 3, 2]
826:[1, 1, 0, 3, 2]
827:[1, 1, 0, 3, 2]
828:[1, 1, 0, 3, 2]
829:[1, 1, 0, 3, 2]
830:[1, 1, 0, 3, 2]
831:[1, 1, 0, 3, 2]
832:[1, 1, 0, 3, 2]
833:[1, 1, 0, 3, 2]
834:[1, 1, 0, 3, 2]
835:[1, 1, 0, 3, 2]
836:[1, 1, 0, 3, 2]
837:[1, 1, 0, 3, 2]
838:[1, 1, 0, 3, 2]
839:[1, 1, 0, 3, 2]
840:[1, 1, 0, 3, 2]
841:[1, 1, 0, 3, 2]
842:[1, 1, 0, 3, 2]
843:[1, 1, 0, 3, 2]
844:[1, 1, 0, 3, 2]
845:[1, 1, 0, 3, 2]
846:[1, 1, 0, 3, 2]
847:[1, 1, 0, 3, 2]
848:[1, 1, 0, 3, 2]
849:[1, 1, 0, 3, 2]
850:[1, 1, 0, 3, 2]
851:[1, 1, 0, 3, 2]
852:[1, 1, 0, 3, 2]
853:[1, 1, 0, 3, 2]
854:[1, 1, 0, 3, 2]
855:[1, 1, 0, 3, 2]
856:[1, 1, 0, 3, 2]
857:[1, 1, 0, 3, 2]
858:[1, 1, 0, 3, 2]
859:[1, 1, 0, 3, 2]
860:[1, 1, 0, 3, 2]
861:[1, 1, 0, 3, 2]
862:[1, 1, 0, 3, 2]
863:[1, 1, 0, 3, 2]
864:[1, 1, 0, 3, 2]
865:[1, 1, 0, 3, 2]
866:[1, 1, 0, 3, 2]
867:[1, 1, 0, 3, 2]
868:[1, 1, 0, 3, 2]
869:[1, 1, 0, 3, 2]
870:[1, 1, 0, 3, 2]
871:[1, 1, 0, 3, 2]
872:[1, 1, 0, 3, 2]
873:[1, 1, 0, 3, 2]
874:[1, 1, 0, 3, 2]
875:[1, 1, 0, 3, 2]
876:[1, 1, 0, 3, 2]
877:[1, 1, 0, 3, 2]
878:[1, 1, 0, 3, 2]
879:[1, 1, 0, 3, 2]
880:[1, 1, 0, 3, 2]
881:[1, 1, 0, 3, 2]
882:[1, 1, 0, 3, 2]
883:[1, 1, 0, 3, 2]
884:[1, 1, 0, 3, 2]
885:[1, 1, 0, 3, 2]
886:[1, 1, 0, 3, 2]
887:[1, 1, 0, 3, 2]
888:[1, 1, 0, 3, 2]
889:[1, 1, 0, 3, 2]
890:[1, 1, 0, 3, 2]
891:[1, 1, 0, 3, 2]
892:[1, 1, 0, 3, 2]
893:[1, 1, 0, 3, 2]
894:[1, 1, 0, 3, 2]
895:[1, 1, 0, 3, 2]
896:[1, 1, 0, 3, 2]
897:[1, 1, 0, 3, 2]
898:[1, 1, 0, 3, 2]
899:[1, 1, 0, 3, 2]
900:[1, 1, 0, 3, 2]
901:[1, 1, 0, 3, 2]
902:[1, 1, 0, 3, 2]
903:[1, 1, 0, 3, 2]
904:[1, 1, 0, 3, 2]
905:[1, 1, 0, 3, 2]
906:[1, 1, 0, 3, 2]
907:[1, 1, 0, 3, 2]
908:[1, 1, 0, 3, 2]
909:[1, 1, 0, 3, 2]
910:[1, 1, 0, 3, 2]
911:[1, 1, 0, 3, 2]
912:[1, 1, 0, 3, 2]
913:[1, 1, 0, 3, 2]
914:[1, 1, 0, 3, 2]
915:[1, 1, 0, 3, 2]
916:[1, 1, 0, 3, 2]
917:[1, 1, 0, 3, 2]
918:[1, 1, 0, 3, 2]
919:[1, 1, 0, 3, 2]
920:[1, 1, 0, 3, 2]
921:[1, 1, 0, 3, 2]
922:[1, 1, 0, 3, 2]
923:[1, 1, 0, 3, 2]
924:[1, 1, 0, 3, 2]
925:[1, 1, 0, 3, 2]
926:[1, 1, 0, 3, 2]
927:[1, 1, 0, 3, 2]
928:[1, 1, 0, 3, 2]
929:[1, 1, 0, 3, 2]
930:[1, 1, 0, 3, 2]
931:[1, 1, 0, 3, 2]
932:[1, 1, 0, 3, 2]
933:[1, 1, 0, 3, 2]
934:[1, 1, 0, 3, 2]
935:[1, 1, 0, 3, 2]
936:[1, 1, 0, 3, 2]
937:[1, 1, 0, 3, 2]
938:[1, 1, 0, 3, 2]
939:[1, 1, 0, 3, 2]
940:[1, 1, 0, 3, 2]
941:[1, 1, 0, 3, 2]
942:[1, 1, 0, 3, 2]
943:[1, 1, 0, 3, 2]
944:[1, 1, 0, 3, 2]
945:[1, 1, 0, 3, 2]
946:[1, 1, 0, 3, 2]
947:[1, 1, 0, 3, 2]
948:[1, 1, 0, 3, 2]
949:[1, 1, 0, 3, 2]
950:[1, 1, 0, 3, 2]
951:[1, 1, 0, 3, 2]
952:[1, 1, 0, 3, 2]
953:[1, 1, 0, 3, 2]
954:[1, 1, 0, 3, 2]
955:[1, 1, 0, 3, 2]
956:[1, 1, 0, 3, 2]
957:[1, 1, 0, 3, 2]
958:[1, 1, 0, 3, 2]
959:[1, 1, 0, 3, 2]
960:[1, 1, 0, 3, 2]
961:[1, 1, 0, 3, 2]
962:[1, 1, 0, 3, 2]
963:[1, 1, 0, 3, 2]
964:[1, 1, 0, 3, 2]
965:[1, 1, 0, 3, 2]
966:[1, 1, 0, 3, 2]
967:[1, 1, 0, 3, 2]
968:[1, 1, 0, 3, 2]
969:[1, 1, 0, 3, 2]
970:[1, 1, 0, 3, 2]
971:[1, 1, 0, 3, 2]
972:[1, 1, 0, 3, 2]
973:[1, 1, 0, 3, 2]
974:[1, 1, 0, 3, 2]
975:[1, 1, 0, 3, 2]
976:[1, 1, 0, 3, 2]
977:[1, 1, 0, 3, 2]
978:[1, 1, 0, 3, 2]
979:[1, 1, 0, 3, 2]
980:[1, 1, 0, 3, 2]
981:[1, 1, 0, 3, 2]
982:[1, 1, 0, 3, 2]
983:[1, 1, 0, 3, 2]
984:[1, 1, 0, 3, 2]
985:[1, 1, 0, 3, 2]
986:[1, 1, 0, 3, 2]
987:[1, 1, 0, 3, 2]
988:[1, 1, 0, 3, 2]
989:[1, 1, 0, 3, 2]
990:[1, 1, 0, 3, 2]
991:[1, 1, 0, 3, 2]
992:[1, 1, 0, 3, 2]
993:[1, 1, 0, 3, 2]
994:[1, 1, 0, 3, 2]
995:[1, 1, 0, 3, 2]
996:[1, 1, 0, 3, 2]
997:[1, 1, 0, 3, 2]
998:[1, 1, 0, 3, 2]
999:[1, 1, 0, 3, 2]
1000:[1, 1, 0, 3, 2]
1001:[1, 1, 0, 3, 2]
1002:[1, 1, 0, 3, 2]
1003:[1, 1, 0, 3, 2]
1004:[1, 1, 0, 3, 2]
1005:[1, 1, 0, 3, 2]
1006:[1, 1, 0, 3, 2]
1007:[1, 1, 0, 3, 2]
1008:[1, 1, 0, 3, 2]
1009:[1, 1, 0, 3, 2]
1010:[1, 1, 0, 3, 2]
1011:[1, 1, 0, 3, 2]
1012:[1, 1, 0, 3, 2]
1013:[1, 1, 0, 3, 2]
1014:[1, 1, 0, 3, 2]
1015:[1, 1, 0, 3, 2]
1016:[1, 1, 0, 3, 2]
1017:[1, 1, 0, 3, 2]
1018:[1, 1, 0, 3, 2]
1019:[1, 1, 0, 3, 2]
1020:[1, 1, 0, 3, 2]
1021:[1, 1, 0, 3, 2]
1022:[1, 1, 0, 3, 2]
1023:[1, 1, 0, 3, 2]
1024:[1, 1, 0, 3, 2]
1025:[1, 1, 0, 3, 2]
1026:[1, 1, 0, 3, 2]
1027:[1, 1, 0, 3, 2]
1028:[1, 1, 0, 3, 2]
1029:[1, 1, 0, 3, 2]
1030:[1, 1, 0, 3, 2]
1031:[1, 1, 0, 3, 2]
1032:[1, 1, 0, 3, 2]
1033:[1, 1, 0, 3, 2]
1034:[1, 1, 0, 3, 2]
1035:[1, 1, 0, 3, 2]
1036:[1, 1, 0, 3, 2]
1037:[1, 1, 0, 3, 2]
1038:[1, 1, 0, 3, 2]
1039:[1, 1, 0, 3, 2]
1040:[1, 1, 0, 3, 2]
1041:[1, 1, 0, 3, 2]
1042:[1, 1, 0, 3, 2]
1043:[1, 1, 0, 3, 2]
1044:[1, 1, 0, 3, 2]
1045:[1, 1, 0, 3, 2]
1046:[1, 1, 0, 3, 2]
1047:[1, 1, 0, 3, 2]
1048:[1, 1, 0, 3, 2]
1049:[1, 1, 0, 3, 2]
1050:[1, 1, 0, 3, 2]
1051:[1, 1, 0, 3, 2]
1052:[1, 1, 0, 3, 2]
1053:[1, 1, 0, 3, 2]
1054:[1, 1, 0, 3, 2]
1055:[1, 1, 0, 3, 2]
1056:[1, 1, 0, 3, 2]
1057:[1, 1, 0, 3, 2]
1058:[1, 1, 0, 3, 2]
1059:[1, 1, 0, 3, 2]
1060:[1, 1, 0, 3, 2]
1061:[1, 1, 0, 3, 2]
1062:[1, 1, 0, 3, 2]
1063:[1, 1, 0, 3, 2]
1064:[1, 1, 0, 3, 2]
1065:[1, 1, 0, 3, 2]
1066:[1, 1, 0, 3, 2]
1067:[1, 1, 0, 3, 2]
1068:[1, 1, 0, 3, 2]
1069:[1, 1, 0, 3, 2]
1070:[1, 1, 0, 3, 2]
1071:[1, 1, 0, 3, 2]
1072:[1, 1, 0, 3, 2]
1073:[1, 1, 0, 3, 2]
1074:[1, 1, 0, 3, 2]
1075:[1, 1, 0, 3, 2]
1076:[1, 1, 0, 3, 2]
1077:[1, 1, 0, 3, 2]
1078:[1, 1, 0, 3, 2]
1079:[1, 1, 0, 3, 2]
1080:[1, 1, 0, 3, 2]
1081:[1, 1, 0, 3, 2]
1082:[1, 1, 0, 3, 2]
1083:[1, 1, 0, 3, 2]
1084:[1, 1, 0, 3, 2]
1085:[1, 1, 0, 3, 2]
1086:[1, 1, 0, 3, 2]
1087:[1, 1, 0, 3, 2]
1088:[1, 1, 0, 3, 2]
1089:[1, 1, 0, 3, 2]
1090:[1, 1, 0, 3, 2]
1091:[1, 1, 0, 3, 2]
1092:[1, 1, 0, 3, 2]
1093:[1, 1, 0, 3, 2]
1094:[1, 1, 0, 3, 2]
1095:[1, 1, 0, 3, 2]
1096:[1, 1, 0, 3, 2]
1097:[1, 1, 0, 3, 2]
1098:[1, 1, 0, 3, 2]
1099:[1, 1, 0, 3, 2]
1100:[1, 1, 0, 3, 2]
1101:[1, 1, 0, 3, 2]
1102:[1, 1, 0, 3, 2]
1103:[1, 1, 0, 3, 2]
1104:[1, 1, 0, 3, 2]
1105:[1, 1, 0, 3, 2]
1106:[1, 1, 0, 3, 2]
1107:[1, 1, 0, 3, 2]
1108:[1, 1, 0, 3, 2]
1109:[1, 1, 0, 3, 2]
1110:[1, 1, 0, 3, 2]
1111:[1, 1, 0, 3, 2]
1112:[1, 1, 0, 3, 2]
1113:[1, 1, 0, 3, 2]
1114:[1, 1, 0, 3, 2]
1115:[1, 1, 0, 3, 2]
1116:[1, 1, 0, 3, 2]
1117:[1, 1, 0, 3, 2]
1118:[1, 1, 0, 3, 2]
1119:[1, 1, 0, 3, 2]
1120:[1, 1, 0, 3, 2]
1121:[1, 1, 0, 3, 2]
1122:[1, 1, 0, 3, 2]
1123:[1, 1, 0, 3, 2]
1124:[1, 1, 0, 3, 2]
1125:[1, 1, 0, 3, 2]
1126:[1, 1, 0, 3, 2]
1127:[1, 1, 0, 3, 2]
1128:[1, 1, 0, 3, 2]
1129:[1, 1, 0, 3, 2]
1130:[1, 1, 0, 3, 2]
1131:[1, 1, 0, 3, 2]
1132:[1, 1, 0, 3, 2]
1133:[1, 1, 0, 3, 2]
1134:[1, 1, 0, 3, 2]
1135:[1, 1, 0, 3, 2]
1136:[1, 1, 0, 3, 2]
1137:[1, 1, 0, 3, 2]
1138:[1, 1, 0, 3, 2]
1139:[1, 1, 0, 3, 2]
1140:[1, 1, 0, 3, 2]
1141:[1, 1, 0, 3, 2]
1142:[1, 1, 0, 3, 2]
1143:[1, 1, 0, 3, 2]
1144:[1, 1, 0, 3, 2]
1145:[1, 1, 0, 3, 2]
1146:[1, 1, 0, 3, 2]
1147:[1, 1, 0, 3, 2]
1148:[1, 1, 0, 3, 2]
1149:[1, 1, 0, 3, 2]
1150:[1, 1, 0, 3, 2]
1151:[1, 1, 0, 3, 2]
1152:[1, 1, 0, 3, 2]
1153:[1, 1, 0, 3, 2]
1154:[1, 1, 0, 3, 2]
1155:[1, 1, 0, 3, 2]
1156:[1, 1, 0, 3, 2]
1157:[1, 1, 0, 3, 2]
1158:[1, 1, 0, 3, 2]
1159:[1, 1, 0, 3, 2]
1160:[1, 1, 0, 3, 2]
1161:[1, 1, 0, 3, 2]
1162:[1, 1, 0, 3, 2]
1163:[1, 1, 0, 3, 2]
1164:[1, 1, 0, 3, 2]
1165:[1, 1, 0, 3, 2]
1166:[1, 1, 0, 3, 2]
1167:[1, 1, 0, 3, 2]
1168:[1, 1, 0, 3, 2]
1169:[1, 1, 0, 3, 2]
1170:[1, 1, 0, 3, 2]
1171:[1, 1, 0, 3, 2]
1172:[1, 1, 0, 3, 2]
1173:[1, 1, 0, 3, 2]
1174:[1, 1, 0, 3, 2]
1175:[1, 1, 0, 3, 2]
1176:[1, 1, 0, 3, 2]
1177:[1, 1, 0, 3, 2]
1178:[1, 1, 0, 3, 2]
1179:[1, 1, 0, 3, 2]
1180:[1, 1, 0, 3, 2]
1181:[1, 1, 0, 3, 2]
1182:[1, 1, 0, 3, 2]
1183:[1, 1, 0, 3, 2]
1184:[1, 1, 0, 3, 2]
1185:[1, 1, 0, 3, 2]
1186:[1, 1, 0, 3, 2]
1187:[1, 1, 0, 3, 2]
1188:[1, 1, 0, 3, 2]
1189:[1, 1, 0, 3, 2]
1190:[1, 1, 0, 3, 2]
1191:[1, 1, 0, 3, 2]
1192:[1, 1, 0, 3, 2]
1193:[1, 1, 0, 3, 2]
1194:[1, 1, 0, 3, 2]
1195:[1, 1, 0, 3, 2]
1196:[1, 1, 0, 3, 2]
1197:[1, 1, 0, 3, 2]
1198:[1, 1, 0, 3, 2]
1199:[1, 1, 0, 3, 2]
1200:[1, 1, 0, 3, 2]
1201:[1, 1, 0, 3, 2]
1202:[1, 1, 0, 3, 2]
1203:[1, 1, 0, 3, 2]
1204:[1, 1, 0, 3, 2]
1205:[1, 1, 0, 3, 2]
1206:[1, 1, 0, 3, 2]
1207:[1, 1, 0, 3, 2]
1208:[1, 1, 0, 3, 2]
1209:[1, 1, 0, 3, 2]
1210:[1, 1, 0, 3, 2]
1211:[1, 1, 0, 3, 2]
1212:[1, 1, 0, 3, 2]
1213:[1, 1, 0, 3, 2]
1214:[1, 1, 0, 3, 2]
1215:[1, 1, 0, 3, 2]
1216:[1, 1, 0, 3, 2]
1217:[1, 1, 0, 3, 2]
1218:[1, 1, 0, 3, 2]
1219:[1, 1, 0, 3, 2]
1220:[1, 1, 0, 3, 2]
1221:[1, 1, 0, 3, 2]
1222:[1, 1, 0, 3, 2]
1223:[1, 1, 0, 3, 2]
1224:[1, 1, 0, 3, 2]
1225:[1, 1, 0, 3, 2]
1226:[1, 1, 0, 3, 2]
1227:[1, 1, 0, 3, 2]
1228:[1, 1, 0, 3, 2]
1229:[1, 1, 0, 3, 2]
1230:[1, 1, 0, 3, 2]
1231:[1, 1, 0, 3, 2]
1232:[1, 1, 0, 3, 2]
1233:[1, 1, 0, 3, 2]
1234:[1, 1, 0, 3, 2]
1235:[1, 1, 0, 3, 2]
1236:[1, 1, 0, 3, 2]
1237:[1, 1, 0, 3, 2]
1238:[1, 1, 0, 3, 2]
1239:[1, 1, 0, 3, 2]
1240:[1, 1, 0, 3, 2]
1241:[1, 1, 0, 3, 2]
1242:[1, 1, 0, 3, 2]
1243:[1, 1, 0, 3, 2]
1244:[1, 1, 0, 3, 2]
1245:[1, 1, 0, 3, 2]
1246:[1, 1, 0, 3, 2]
1247:[1, 1, 0, 3, 2]
1248:[1, 1, 0, 3, 2]
1249:[1, 1, 0, 3, 2]
1250:[1, 1, 0, 3, 2]
1251:[1, 1, 0, 3, 2]
1252:[1, 1, 0, 3, 2]
1253:[1, 1, 0, 3, 2]
1254:[1, 1, 0, 3, 2]
1255:[1, 1, 0, 3, 2]
1256:[1, 1, 0, 3, 2]
1257:[1, 1, 0, 3, 2]
1258:[1, 1, 0, 3, 2]
1259:[1, 1, 0, 3, 2]
1260:[1, 1, 0, 3, 2]
1261:[1, 1, 0, 3, 2]
1262:[1, 1, 0, 3, 2]
1263:[1, 1, 0, 3, 2]
1264:[1, 1, 0, 3, 2]
1265:[1, 1, 0, 3, 2]
1266:[1, 1, 0, 3, 2]
1267:[1, 1, 0, 3, 2]
1268:[1, 1, 0, 3, 2]
1269:[1, 1, 0, 3, 2]
1270:[1, 1, 0, 3, 2]
1271:[1, 1, 0, 3, 2]
1272:[1, 1, 0, 3, 2]
1273:[1, 1, 0, 3, 2]
1274:[1, 1, 0, 3, 2]
1275:[1, 1, 0, 3, 2]
1276:[1, 1, 0, 3, 2]
1277:[1, 1, 0, 3, 2]
1278:[1, 1, 0, 3, 2]
1279:[1, 1, 0, 3, 2]
1280:[1, 1, 0, 3, 2]
1281:[1, 1, 0, 3, 2]
1282:[1, 1, 0, 3, 2]
1283:[1, 1, 0, 3, 2]
1284:[1, 1, 0, 3, 2]
1285:[1, 1, 0, 3, 2]
1286:[1, 1, 0, 3, 2]
1287:[1, 1, 0, 3, 2]
1288:[1, 1, 0, 3, 2]
1289:[1, 1, 0, 3, 2]
1290:[1, 1, 0, 3, 2]
1291:[1, 1, 0, 3, 2]
1292:[1, 1, 0, 3, 2]
1293:[1, 1, 0, 3, 2]
1294:[1, 1, 0, 3, 2]
1295:[1, 1, 0, 3, 2]
1296:[1, 1, 0, 3, 2]
1297:[1, 1, 0, 3, 2]
1298:[1, 1, 0, 3, 2]
1299:[1, 1, 0, 3, 2]
1300:[1, 1, 0, 3, 2]
1301:[1, 1, 0, 3, 2]
1302:[1, 1, 0, 3, 2]
1303:[1, 1, 0, 3, 2]
1304:[1, 1, 0, 3, 2]
1305:[1, 1, 0, 3, 2]
1306:[1, 1, 0, 3, 2]
1307:[1, 1, 0, 3, 2]
1308:[1, 1, 0, 3, 2]
1309:[1, 1, 0, 3, 2]
1310:[1, 1, 0, 3, 2]
1311:[1, 1, 0, 3, 2]
1312:[1, 1, 0, 3, 2]
1313:[1, 1, 0, 3, 2]
1314:[1, 1, 0, 3, 2]
1315:[1, 1, 0, 3, 2]
1316:[1, 1, 0, 3, 2]
1317:[1, 1, 0, 3, 2]
1318:[1, 1, 0, 3, 2]
1319:[1, 1, 0, 3, 2]
1320:[1, 1, 0, 3, 2]
1321:[1, 1, 0, 3, 2]
1322:[1, 1, 0, 3, 2]
1323:[1, 1, 0, 3, 2]
1324:[1, 1, 0, 3, 2]
1325:[1, 1, 0, 3, 2]
1326:[1, 1, 0, 3, 2]
1327:[1, 1, 0, 3, 2]
1328:[1, 1, 0, 3, 2]
1329:[1, 1, 0, 3, 2]
1330:[1, 1, 0, 3, 2]
1331:[1, 1, 0, 3, 2]
1332:[1, 1, 0, 3, 2]
1333:[1, 1, 0, 3, 2]
1334:[1, 1, 0, 3, 2]
1335:[1, 1, 0, 3, 2]
1336:[1, 1, 0, 3, 2]
1337:[1, 1, 0, 3, 2]
1338:[1, 1, 0, 3, 2]
1339:[1, 1, 0, 3, 2]
1340:[1, 1, 0, 3, 2]
1341:[1, 1, 0, 3, 2]
1342:[1, 1, 0, 3, 2]
1343:[1, 1, 0, 3, 2]
1344:[1, 1, 0, 3, 2]
1345:[1, 1, 0, 3, 2]
1346:[1, 1, 0, 3, 2]
1347:[1, 1, 0, 3, 2]
1348:[1, 1, 0, 3, 2]
1349:[1, 1, 0, 3, 2]
1350:[1, 1, 0, 3, 2]
1351:[1, 1, 0, 3, 2]
1352:[1, 1, 0, 3, 2]
1353:[1, 1, 0, 3, 2]
1354:[1, 1, 0, 3, 2]
1355:[1, 1, 0, 3, 2]
1356:[1, 1, 0, 3, 2]
1357:[1, 1, 0, 3, 2]
1358:[1, 1, 0, 3, 2]
1359:[1, 1, 0, 3, 2]
1360:[1, 1, 0, 3, 2]
1361:[1, 1, 0, 3, 2]
1362:[1, 1, 0, 3, 2]
1363:[1, 1, 0, 3, 2]
1364:[1, 1, 0, 3, 2]
1365:[1, 1, 0, 3, 2]
1366:[1, 1, 0, 3, 2]
1367:[1, 1, 0, 3, 2]
1368:[1, 1, 0, 3, 2]
1369:[1, 1, 0, 3, 2]
1370:[1, 1, 0, 3, 2]
1371:[1, 1, 0, 3, 2]
1372:[1, 1, 0, 3, 2]
1373:[1, 1, 0, 3, 2]
1374:[1, 1, 0, 3, 2]
1375:[1, 1, 0, 3, 2]
1376:[1, 1, 0, 3, 2]
1377:[1, 1, 0, 3, 2]
1378:[1, 1, 0, 3, 2]
1379:[1, 1, 0, 3, 2]
1380:[1, 1, 0, 3, 2]
1381:[1, 1, 0, 3, 2]
1382:[1, 1, 0, 3, 2]
1383:[1, 1, 0, 3, 2]
1384:[1, 1, 0, 3, 2]
1385:[1, 1, 0, 3, 2]
1386:[1, 1, 0, 3, 2]
1387:[1, 1, 0, 3, 2]
1388:[1, 1, 0, 3, 2]
1389:[1, 1, 0, 3, 2]
1390:[1, 1, 0, 3, 2]
1391:[1, 1, 0, 3, 2]
1392:[1, 1, 0, 3, 2]
1393:[1, 1, 0, 3, 2]
1394:[1, 1, 0, 3, 2]
1395:[1, 1, 0, 3, 2]
1396:[1, 1, 0, 3, 2]
1397:[1, 1, 0, 3, 2]
1398:[1, 1, 0, 3, 2]
1399:[1, 1, 0, 3, 2]
1400:[1, 1, 0, 3, 2]
1401:[1, 1, 0, 3, 2]
1402:[1, 1, 0, 3, 2]
1403:[1, 1, 0, 3, 2]
1404:[1, 1, 0, 3, 2]
1405:[1, 1, 0, 3, 2]
1406:[1, 1, 0, 3, 2]
1407:[1, 1, 0, 3, 2]
1408:[1, 1, 0, 3, 2]
1409:[1, 1, 0, 3, 2]
1410:[1, 1, 0, 3, 2]
1411:[1, 1, 0, 3, 2]
1412:[1, 1, 0, 3, 2]
1413:[1, 1, 0, 3, 2]
1414:[1, 1, 0, 3, 2]
1415:[1, 1, 0, 3, 2]
1416:[1, 1, 0, 3, 2]
1417:[1, 1, 0, 3, 2]
1418:[1, 1, 0, 3, 2]
1419:[1, 1, 0, 3, 2]
1420:[1, 1, 0, 3, 2]
1421:[1, 1, 0, 3, 2]
1422:[1, 1, 0, 3, 2]
1423:[1, 1, 0, 3, 2]
1424:[1, 1, 0, 3, 2]
1425:[1, 1, 0, 3, 2]
1426:[1, 1, 0, 3, 2]
1427:[1, 1, 0, 3, 2]
1428:[1, 1, 0, 3, 2]
1429:[1, 1, 0, 3, 2]
1430:[1, 1, 0, 3, 2]
1431:[1, 1, 0, 3, 2]
1432:[1, 1, 0, 3, 2]
1433:[1, 1, 0, 3, 2]
1434:[1, 1, 0, 3, 2]
1435:[1, 1, 0, 3, 2]
1436:[1, 1, 0, 3, 2]
1437:[1, 1, 0, 3, 2]
1438:[1, 1, 0, 3, 2]
1439:[1, 1, 0, 3, 2]
1440:[1, 1, 0, 3, 2]
1441:[1, 1, 0, 3, 2]
1442:[1, 1, 0, 3, 2]
1443:[1, 1, 0, 3, 2]
1444:[1, 1, 0, 3, 2]
1445:[1, 1, 0, 3, 2]
1446:[1, 1, 0, 3, 2]
1447:[1, 1, 0, 3, 2]
1448:[1, 1, 0, 3, 2]
1449:[1, 1, 0, 3, 2]
1450:[1, 1, 0, 3, 2]
1451:[1, 1, 0, 3, 2]
1452:[1, 1, 0, 3, 2]
1453:[1, 1, 0, 3, 2]
1454:[1, 1, 0, 3, 2]
1455:[1, 1, 0, 3, 2]
1456:[1, 1, 0, 3, 2]
1457:[1, 1, 0, 3, 2]
1458:[1, 1, 0, 3, 2]
1459:[1, 1, 0, 3, 2]
1460:[1, 1, 0, 3, 2]
1461:[1, 1, 0, 3, 2]
1462:[1, 1, 0, 3, 2]
1463:[1, 1, 0, 3, 2]
1464:[1, 1, 0, 3, 2]
1465:[1, 1, 0, 3, 2]
1466:[1, 1, 0, 3, 2]
1467:[1, 1, 0, 3, 2]
1468:[1, 1, 0, 3, 2]
1469:[1, 1, 0, 3, 2]
1470:[1, 1, 0, 3, 2]
1471:[1, 1, 0, 3, 2]
1472:[1, 1, 0, 3, 2]
1473:[1, 1, 0, 3, 2]
1474:[1, 1, 0, 3, 2]
1475:[1, 1, 0, 3, 2]
1476:[1, 1, 0, 3, 2]
1477:[1, 1, 0, 3, 2]
1478:[1, 1, 0, 3, 2]
1479:[1, 1, 0, 3, 2]
1480:[1, 1, 0, 3, 2]
1481:[1, 1, 0, 3, 2]
1482:[1, 1, 0, 3, 2]
1483:[1, 1, 0, 3, 2]
1484:[1, 1, 0, 3, 2]
1485:[1, 1, 0, 3, 2]
1486:[1, 1, 0, 3, 2]
1487:[1, 1, 0, 3, 2]
1488:[1, 1, 0, 3, 2]
1489:[1, 1, 0, 3, 2]
1490:[1, 1, 0, 3, 2]
1491:[1, 1, 0, 3, 2]
1492:[1, 1, 0, 3, 2]
1493:[1, 1, 0, 3, 2]
1494:[1, 1, 0, 3, 2]
1495:[1, 1, 0, 3, 2]
1496:[1, 1, 0, 3, 2]
1497:[1, 1, 0, 3, 2]
1498:[1, 1, 0, 3, 2]
1499:[1, 1, 0, 3, 2]
1500:[1, 1, 0, 3, 2]
1501:[1, 1, 0, 3, 2]
1502:[1, 1, 0, 3, 2]
1503:[1, 1, 0, 3, 2]
1504:[1, 1, 0, 3, 2]
1505:[1, 1, 0, 3, 2]
1506:[1, 1, 0, 3, 2]
1507:[1, 1, 0, 3, 2]
1508:[1, 1, 0, 3, 2]
1509:[1, 1, 0, 3, 2]
1510:[1, 1, 0, 3, 2]
1511:[1, 1, 0, 3, 2]
1512:[1, 1, 0, 3, 2]
1513:[1, 1, 0, 3, 2]
1514:[1, 1, 0, 3, 2]
1515:[1, 1, 0, 3, 2]
1516:[1, 1, 0, 3, 2]
1517:[1, 1, 0, 3, 2]
1518:[1, 1, 0, 3, 2]
1519:[1, 1, 0, 3, 2]
1520:[1, 1, 0, 3, 2]
1521:[1, 1, 0, 3, 2]
1522:[1, 1, 0, 3, 2]
1523:[1, 1, 0, 3, 2]
1524:[1, 1, 0, 3, 2]
1525:[1, 1, 0, 3, 2]
1526:[1, 1, 0, 3, 2]
1527:[1, 1, 0, 3, 2]
1528:[1, 1, 0, 3, 2]
1529:[1, 1, 0, 3, 2]
1530:[1, 1, 0, 3, 2]
1531:[1, 1, 0, 3, 2]
1532:[1, 1, 0, 3, 2]
1533:[1, 1, 0, 3, 2]
1534:[1, 1, 0, 3, 2]
1535:[1, 1, 0, 3, 2]
1536:[1, 1, 0, 3, 2]
1537:[1, 1, 0, 3, 2]
1538:[1, 1, 0, 3, 2]
1539:[1, 1, 0, 3, 2]
1540:[1, 1, 0, 3, 2]
1541:[1, 1, 0, 3, 2]
1542:[1, 1, 0, 3, 2]
1543:[1, 1, 0, 3, 2]
1544:[1, 1, 0, 3, 2]
1545:[1, 1, 0, 3, 2]
1546:[1, 1, 0, 3, 2]
1547:[1, 1, 0, 3, 2]
1548:[1, 1, 0, 3, 2]
1549:[1, 1, 0, 3, 2]
1550:[1, 1, 0, 3, 2]
1551:[1, 1, 0, 3, 2]
1552:[1, 1, 0, 3, 2]
1553:[1, 1, 0, 3, 2]
1554:[1, 1, 0, 3, 2]
1555:[1, 1, 0, 3, 2]
1556:[1, 1, 0, 3, 2]
1557:[1, 1, 0, 3, 2]
1558:[1, 1, 0, 3, 2]
1559:[1, 1, 0, 3, 2]
1560:[1, 1, 0, 3, 2]
1561:[1, 1, 0, 3, 2]
1562:[1, 1, 0, 3, 2]
1563:[1, 1, 0, 3, 2]
1564:[1, 1, 0, 3, 2]
1565:[1, 1, 0, 3, 2]
1566:[1, 1, 0, 3, 2]
1567:[1, 1, 0, 3, 2]
1568:[1, 1, 0, 3, 2]
1569:[1, 1, 0, 3, 2]
1570:[1, 1, 0, 3, 2]
1571:[1, 1, 0, 3, 2]
1572:[1, 1, 0, 3, 2]
1573:[1, 1, 0, 3, 2]
1574:[1, 1, 0, 3, 2]
1575:[1, 1, 0, 3, 2]
1576:[1, 1, 0, 3, 2]
1577:[1, 1, 0, 3, 2]
1578:[1, 1, 0, 3, 2]
1579:[1, 1, 0, 3, 2]
1580:[1, 1, 0, 3, 2]
1581:[1, 1, 0, 3, 2]
1582:[1, 1, 0, 3, 2]
1583:[1, 1, 0, 3, 2]
1584:[1, 1, 0, 3, 2]
1585:[1, 1, 0, 3, 2]
1586:[1, 1, 0, 3, 2]
1587:[1, 1, 0, 3, 2]
1588:[1, 1, 0, 3, 2]
1589:[1, 1, 0, 3, 2]
1590:[1, 1, 0, 3, 2]
1591:[1, 1, 0, 3, 2]
1592:[1, 1, 0, 3, 2]
1593:[1, 1, 0, 3, 2]
1594:[1, 1, 0, 3, 2]
1595:[1, 1, 0, 3, 2]
1596:[1, 1, 0, 3, 2]
1597:[1, 1, 0, 3, 2]
1598:[1, 1, 0, 3, 2]
1599:[1, 1, 0, 3, 2]
1600:[1, 1, 0, 3, 2]
1601:[1, 1, 0, 3, 2]
1602:[1, 1, 0, 3, 2]
1603:[1, 1, 0, 3, 2]
1604:[1, 1, 0, 3, 2]
1605:[1, 1, 0, 3, 2]
1606:[1, 1, 0, 3, 2]
1607:[1, 1, 0, 3, 2]
1608:[1, 1, 0, 3, 2]
1609:[1, 1, 0, 3, 2]
1610:[1, 1, 0, 3, 2]
1611:[1, 1, 0, 3, 2]
1612:[1, 1, 0, 3, 2]
1613:[1, 1, 0, 3, 2]
1614:[1, 1, 0, 3, 2]
1615:[1, 1, 0, 3, 2]
1616:[1, 1, 0, 3, 2]
1617:[1, 1, 0, 3, 2]
1618:[1, 1, 0, 3, 2]
1619:[1, 1, 0, 3, 2]
1620:[1, 1, 0, 3, 2]
1621:[1, 1, 0, 3, 2]
1622:[1, 1, 0, 3, 2]
1623:[1, 1, 0, 3, 2]
1624:[1, 1, 0, 3, 2]
1625:[1, 1, 0, 3, 2]
1626:[1, 1, 0, 3, 2]
1627:[1, 1, 0, 3, 2]
1628:[1, 1, 0, 3, 2]
1629:[1, 1, 0, 3, 2]
1630:[1, 1, 0, 3, 2]
1631:[1, 1, 0, 3, 2]
1632:[1, 1, 0, 3, 2]
1633:[1, 1, 0, 3, 2]
1634:[1, 1, 0, 3, 2]
1635:[1, 1, 0, 3, 2]
1636:[1, 1, 0, 3, 2]
1637:[1, 1, 0, 3, 2]
1638:[1, 1, 0, 3, 2]
1639:[1, 1, 0, 3, 2]
1640:[1, 1, 0, 3, 2]
1641:[1, 1, 0, 3, 2]
1642:[1, 1, 0, 3, 2]
1643:[1, 1, 0, 3, 2]
1644:[1, 1, 0, 3, 2]
1645:[1, 1, 0, 3, 2]
1646:[1, 1, 0, 3, 2]
1647:[1, 1, 0, 3, 2]
1648:[1, 1, 0, 3, 2]
1649:[1, 1, 0, 3, 2]
1650:[1, 1, 0, 3, 2]
1651:[1, 1, 0, 3, 2]
1652:[1, 1, 0, 3, 2]
1653:[1, 1, 0, 3, 2]
1654:[1, 1, 0, 3, 2]
1655:[1, 1, 0, 3, 2]
1656:[1, 1, 0, 3, 2]
1657:[1, 1, 0, 3, 2]
1658:[1, 1, 0, 3, 2]
1659:[1, 1, 0, 3, 2]
1660:[1, 1, 0, 3, 2]
1661:[1, 1, 0, 3, 2]
1662:[1, 1, 0, 3, 2]
1663:[1, 1, 0, 3, 2]
1664:[1, 1, 0, 3, 2]
1665:[1, 1, 0, 3, 2]
1666:[1, 1, 0, 3, 2]
1667:[1, 1, 0, 3, 2]
1668:[1, 1, 0, 3, 2]
1669:[1, 1, 0, 3, 2]
1670:[1, 1, 0, 3, 2]
1671:[1, 1, 0, 3, 2]
1672:[1, 1, 0, 3, 2]
1673:[1, 1, 0, 3, 2]
1674:[1, 1, 0, 3, 2]
1675:[1, 1, 0, 3, 2]
1676:[1, 1, 0, 3, 2]
1677:[1, 1, 0, 3, 2]
1678:[1, 1, 0, 3, 2]
1679:[1, 1, 0, 3, 2]
1680:[1, 1, 0, 3, 2]
1681:[1, 1, 0, 3, 2]
1682:[1, 1, 0, 3, 2]
1683:[1, 1, 0, 3, 2]
1684:[1, 1, 0, 3, 2]
1685:[1, 1, 0, 3, 2]
1686:[1, 1, 0, 3, 2]
1687:[1, 1, 0, 3, 2]
1688:[1, 1, 0, 3, 2]
1689:[1, 1, 0, 3, 2]
1690:[1, 1, 0, 3, 2]
1691:[1, 1, 0, 3, 2]
1692:[1, 1, 0, 3, 2]
1693:[1, 1, 0, 3, 2]
1694:[1, 1, 0, 3, 2]
1695:[1, 1, 0, 3, 2]
1696:[1, 1, 0, 3, 2]
1697:[1, 1, 0, 3, 2]
1698:[1, 1, 0, 3, 2]
1699:[1, 1, 0, 3, 2]
1700:[1, 1, 0, 3, 2]
1701:[1, 1, 0, 3, 2]
1702:[1, 1, 0, 3, 2]
1703:[1, 1, 0, 3, 2]
1704:[1, 1, 0, 3, 2]
1705:[1, 1, 0, 3, 2]
1706:[1, 1, 0, 3, 2]
1707:[1, 1, 0, 3, 2]
1708:[1, 1, 0, 3, 2]
1709:[1, 1, 0, 3, 2]
1710:[1, 1, 0, 3, 2]
1711:[1, 1, 0, 3, 2]
1712:[1, 1, 0, 3, 2]
1713:[1, 1, 0, 3, 2]
1714:[1, 1, 0, 3, 2]
1715:[1, 1, 0, 3, 2]
1716:[1, 1, 0, 3, 2]
1717:[1, 1, 0, 3, 2]
1718:[1, 1, 0, 3, 2]
1719:[1, 1, 0, 3, 2]
1720:[1, 1, 0, 3, 2]
1721:[1, 1, 0, 3, 2]
1722:[1, 1, 0, 3, 2]
1723:[1, 1, 0, 3, 2]
1724:[1, 1, 0, 3, 2]
1725:[1, 1, 0, 3, 2]
1726:[1, 1, 0, 3, 2]
1727:[1, 1, 0, 3, 2]
1728:[1, 1, 0, 3, 2]
1729:[1, 1, 0, 3, 2]
1730:[1, 1, 0, 3, 2]
1731:[1, 1, 0, 3, 2]
1732:[1, 1, 0, 3, 2]
1733:[1, 1, 0, 3, 2]
1734:[1, 1, 0, 3, 2]
1735:[1, 1, 0, 3, 2]
1736:[1, 1, 0, 3, 2]
1737:[1, 1, 0, 3, 2]
1738:[1, 1, 0, 3, 2]
1739:[1, 1, 0, 3, 2]
1740:[1, 1, 0, 3, 2]
1741:[1, 1, 0, 3, 2]
1742:[1, 1, 0, 3, 2]
1743:[1, 1, 0, 3, 2]
1744:[1, 1, 0, 3, 2]
1745:[1, 1, 0, 3, 2]
1746:[1, 1, 0, 3, 2]
1747:[1, 1, 0, 3, 2]
1748:[1, 1, 0, 3, 2]
1749:[1, 1, 0, 3, 2]
1750:[1, 1, 0, 3, 2]
1751:[1, 1, 0, 3, 2]
1752:[1, 1, 0, 3, 2]
1753:[1, 1, 0, 3, 2]
1754:[1, 1, 0, 3, 2]
1755:[1, 1, 0, 3, 2]
1756:[1, 1, 0, 3, 2]
1757:[1, 1, 0, 3, 2]
1758:[1, 1, 0, 3, 2]
1759:[1, 1, 0, 3, 2]
1760:[1, 1, 0, 3, 2]
1761:[1, 1, 0, 3, 2]
1762:[1, 1, 0, 3, 2]
1763:[1, 1, 0, 3, 2]
1764:[1, 1, 0, 3, 2]
1765:[1, 1, 0, 3, 2]
1766:[1, 1, 0, 3, 2]
1767:[1, 1, 0, 3, 2]
1768:[1, 1, 0, 3, 2]
1769:[1, 1, 0, 3, 2]
1770:[1, 1, 0, 3, 2]
1771:[1, 1, 0, 3, 2]
1772:[1, 1, 0, 3, 2]
1773:[1, 1, 0, 3, 2]
1774:[1, 1, 0, 3, 2]
1775:[1, 1, 0, 3, 2]
1776:[1, 1, 0, 3, 2]
1777:[1, 1, 0, 3, 2]
1778:[1, 1, 0, 3, 2]
1779:[1, 1, 0, 3, 2]
1780:[1, 1, 0, 3, 2]
1781:[1, 1, 0, 3, 2]
1782:[1, 1, 0, 3, 2]
1783:[1, 1, 0, 3, 2]
1784:[1, 1, 0, 3, 2]
1785:[1, 1, 0, 3, 2]
1786:[1, 1, 0, 3, 2]
1787:[1, 1, 0, 3, 2]
1788:[1, 1, 0, 3, 2]
1789:[1, 1, 0, 3, 2]
1790:[1, 1, 0, 3, 2]
1791:[1, 1, 0, 3, 2]
1792:[1, 1, 0, 3, 2]
1793:[1, 1, 0, 3, 2]
1794:[1, 1, 0, 3, 2]
1795:[1, 1, 0, 3, 2]
1796:[1, 1, 0, 3, 2]
1797:[1, 1, 0, 3, 2]
1798:[1, 1, 0, 3, 2]
1799:[1, 1, 0, 3, 2]
1800:[1, 1, 0, 3, 2]
1801:[1, 1, 0, 3, 2]
1802:[1, 1, 0, 3, 2]
1803:[1, 1, 0, 3, 2]
1804:[1, 1, 0, 3, 2]
1805:[1, 1, 0, 3, 2]
1806:[1, 1, 0, 3, 2]
1807:[1, 1, 0, 3, 2]
1808:[1, 1, 0, 3, 2]
1809:[1, 1, 0, 3, 2]
1810:[1, 1, 0, 3, 2]
1811:[1, 1, 0, 3, 2]
1812:[1, 1, 0, 3, 2]
1813:[1, 1, 0, 3, 2]
1814:[1, 1, 0, 3, 2]
1815:[1, 1, 0, 3, 2]
1816:[1, 1, 0, 3, 2]
1817:[1, 1, 0, 3, 2]
1818:[1, 1, 0, 3, 2]
1819:[1, 1, 0, 3, 2]
1820:[1, 1, 0, 3, 2]
1821:[1, 1, 0, 3, 2]
1822:[1, 1, 0, 3, 2]
1823:[1, 1, 0, 3, 2]
1824:[1, 1, 0, 3, 2]
1825:[1, 1, 0, 3, 2]
1826:[1, 1, 0, 3, 2]
1827:[1, 1, 0, 3, 2]
1828:[1, 1, 0, 3, 2]
1829:[1, 1, 0, 3, 2]
1830:[1, 1, 0, 3, 2]
1831:[1, 1, 0, 3, 2]
1832:[1, 1, 0, 3, 2]
1833:[1, 1, 0, 3, 2]
1834:[1, 1, 0, 3, 2]
1835:[1, 1, 0, 3, 2]
1836:[1, 1, 0, 3, 2]
1837:[1, 1, 0, 3, 2]
1838:[1, 1, 0, 3, 2]
1839:[1, 1, 0, 3, 2]
1840:[1, 1, 0, 3, 2]
1841:[1, 1, 0, 3, 2]
1842:[1, 1, 0, 3, 2]
1843:[1, 1, 0, 3, 2]
1844:[1, 1, 0, 3, 2]
1845:[1, 1, 0, 3, 2]
1846:[1, 1, 0, 3, 2]
1847:[1, 1, 0, 3, 2]
1848:[1, 1, 0, 3, 2]
1849:[1, 1, 0, 3, 2]
1850:[1, 1, 0, 3, 2]
1851:[1, 1, 0, 3, 2]
1852:[1, 1, 0, 3, 2]
1853:[1, 1, 0, 3, 2]
1854:[1, 1, 0, 3, 2]
1855:[1, 1, 0, 3, 2]
1856:[1, 1, 0, 3, 2]
1857:[1, 1, 0, 3, 2]
1858:[1, 1, 0, 3, 2]
1859:[1, 1, 0, 3, 2]
1860:[1, 1, 0, 3, 2]
1861:[1, 1, 0, 3, 2]
1862:[1, 1, 0, 3, 2]
1863:[1, 1, 0, 3, 2]
1864:[1, 1, 0, 3, 2]
1865:[1, 1, 0, 3, 2]
1866:[1, 1, 0, 3, 2]
1867:[1, 1, 0, 3, 2]
1868:[1, 1, 0, 3, 2]
1869:[1, 1, 0, 3, 2]
1870:[1, 1, 0, 3, 2]
1871:[1, 1, 0, 3, 2]
1872:[1, 1, 0, 3, 2]
1873:[1, 1, 0, 3, 2]
1874:[1, 1, 0, 3, 2]
1875:[1, 1, 0, 3, 2]
1876:[1, 1, 0, 3, 2]
1877:[1, 1, 0, 3, 2]
1878:[1, 1, 0, 3, 2]
1879:[1, 1, 0, 3, 2]
1880:[1, 1, 0, 3, 2]
1881:[1, 1, 0, 3, 2]
1882:[1, 1, 0, 3, 2]
1883:[1, 1, 0, 3, 2]
1884:[1, 1, 0, 3, 2]
1885:[1, 1, 0, 3, 2]
1886:[1, 1, 0, 3, 2]
1887:[1, 1, 0, 3, 2]
1888:[1, 1, 0, 3, 2]
1889:[1, 1, 0, 3, 2]
1890:[1, 1, 0, 3, 2]
1891:[1, 1, 0, 3, 2]
1892:[1, 1, 0, 3, 2]
1893:[1, 1, 0, 3, 2]
1894:[1, 1, 0, 3, 2]
1895:[1, 1, 0, 3, 2]
1896:[1, 1, 0, 3, 2]
1897:[1, 1, 0, 3, 2]
1898:[1, 1, 0, 3, 2]
1899:[1, 1, 0, 3, 2]
1900:[1, 1, 0, 3, 2]
1901:[1, 1, 0, 3, 2]
1902:[1, 1, 0, 3, 2]
1903:[1, 1, 0, 3, 2]
1904:[1, 1, 0, 3, 2]
1905:[1, 1, 0, 3, 2]
1906:[1, 1, 0, 3, 2]
1907:[1, 1, 0, 3, 2]
1908:[1, 1, 0, 3, 2]
1909:[1, 1, 0, 3, 2]
1910:[1, 1, 0, 3, 2]
1911:[1, 1, 0, 3, 2]
1912:[1, 1, 0, 3, 2]
1913:[1, 1, 0, 3, 2]
1914:[1, 1, 0, 3, 2]
1915:[1, 1, 0, 3, 2]
1916:[1, 1, 0, 3, 2]
1917:[1, 1, 0, 3, 2]
1918:[1, 1, 0, 3, 2]
1919:[1, 1, 0, 3, 2]
1920:[1, 1, 0, 3, 2]
1921:[1, 1, 0, 3, 2]
1922:[1, 1, 0, 3, 2]
1923:[1, 1, 0, 3, 2]
1924:[1, 1, 0, 3, 2]
1925:[1, 1, 0, 3, 2]
1926:[1, 1, 0, 3, 2]
1927:[1, 1, 0, 3, 2]
1928:[1, 1, 0, 3, 2]
1929:[1, 1, 0, 3, 2]
1930:[1, 1, 0, 3, 2]
1931:[1, 1, 0, 3, 2]
1932:[1, 1, 0, 3, 2]
1933:[1, 1, 0, 3, 2]
1934:[1, 1, 0, 3, 2]
1935:[1, 1, 0, 3, 2]
1936:[1, 1, 0, 3, 2]
1937:[1, 1, 0, 3, 2]
1938:[1, 1, 0, 3, 2]
1939:[1, 1, 0, 3, 2]
1940:[1, 1, 0, 3, 2]
1941:[1, 1, 0, 3, 2]
1942:[1, 1, 0, 3, 2]
1943:[1, 1, 0, 3, 2]
1944:[1, 1, 0, 3, 2]
1945:[1, 1, 0, 3, 2]
1946:[1, 1, 0, 3, 2]
1947:[1, 1, 0, 3, 2]
1948:[1, 1, 0, 3, 2]
1949:[1, 1, 0, 3, 2]
1950:[1, 1, 0, 3, 2]
1951:[1, 1, 0, 3, 2]
1952:[1, 1, 0, 3, 2]
1953:[1, 1, 0, 3, 2]
1954:[1, 1, 0, 3, 2]
1955:[1, 1, 0, 3, 2]
1956:[1, 1, 0, 3, 2]
1957:[1, 1, 0, 3, 2]
1958:[1, 1, 0, 3, 2]
1959:[1, 1, 0, 3, 2]
1960:[1, 1, 0, 3, 2]
1961:[1, 1, 0, 3, 2]
1962:[1, 1, 0, 3, 2]
1963:[1, 1, 0, 3, 2]
1964:[1, 1, 0, 3, 2]
1965:[1, 1, 0, 3, 2]
1966:[1, 1, 0, 3, 2]
1967:[1, 1, 0, 3, 2]
1968:[1, 1, 0, 3, 2]
1969:[1, 1, 0, 3, 2]
1970:[1, 1, 0, 3, 2]
1971:[1, 1, 0, 3, 2]
1972:[1, 1, 0, 3, 2]
1973:[1, 1, 0, 3, 2]
1974:[1, 1, 0, 3, 2]
1975:[1, 1, 0, 3, 2]
1976:[1, 1, 0, 3, 2]
1977:[1, 1, 0, 3, 2]
1978:[1, 1, 0, 3, 2]
1979:[1, 1, 0, 3, 2]
1980:[1, 1, 0, 3, 2]
1981:[1, 1, 0, 3, 2]
1982:[1, 1, 0, 3, 2]
1983:[1, 1, 0, 3, 2]
1984:[1, 1, 0, 3, 2]
1985:[1, 1, 0, 3, 2]
1986:[1, 1, 0, 3, 2]
1987:[1, 1, 0, 3, 2]
1988:[1, 1, 0, 3, 2]
1989:[1, 1, 0, 3, 2]
1990:[1, 1, 0, 3, 2]
1991:[1, 1, 0, 3, 2]
1992:[1, 1, 0, 3, 2]
1993:[1, 1, 0, 3, 2]
1994:[1, 1, 0, 3, 2]
1995:[1, 1, 0, 3, 2]
1996:[1, 1, 0, 3, 2]
1997:[1, 1, 0, 3, 2]
1998:[1, 1, 0, 3, 2]
1999:[1, 1, 0, 3, 2]
2000:[1, 1, 0, 3, 2]
2001:[1, 1, 0, 3, 2]
2002:[1, 1, 0, 3, 2]
2003:[1, 1, 0, 3, 2]
2004:[1, 1, 0, 3, 2]
2005:[1, 1, 0, 3, 2]
2006:[1, 1, 0, 3, 2]
2007:[1, 1, 0, 3, 2]
2008:[1, 1, 0, 3, 2]
2009:[1, 1, 0, 3, 2]
2010:[1, 1, 0, 3, 2]
2011:[1, 1, 0, 3, 2]
2012:[1, 1, 0, 3, 2]
2013:[1, 1, 0, 3, 2]
2014:[1, 1, 0, 3, 2]
2015:[1, 1, 0, 3, 2]
2016:[1, 1, 0, 3, 2]
2017:[1, 1, 0, 3, 2]
2018:[1, 1, 0, 3, 2]
2019:[1, 1, 0, 3, 2]
2020:[1, 1, 0, 3, 2]
2021:[1, 1, 0, 3, 2]
2022:[1, 1, 0, 3, 2]
2023:[1, 1, 0, 3, 2]
2024:[1, 1, 0, 3, 2]
2025:[1, 1, 0, 3, 2]
2026:[1, 1, 0, 3, 2]
2027:[1, 1, 0, 3, 2]
2028:[1, 1, 0, 3, 2]
2029:[1, 1, 0, 3, 2]
2030:[1, 1, 0, 3, 2]
2031:[1, 1, 0, 3, 2]
2032:[1, 1, 0, 3, 2]
2033:[1, 1, 0, 3, 2]
2034:[1, 1, 0, 3, 2]
2035:[1, 1, 0, 3, 2]
2036:[1, 1, 0, 3, 2]
2037:[1, 1, 0, 3, 2]
2038:[1, 1, 0, 3, 2]
2039:[1, 1, 0, 3, 2]
2040:[1, 1, 0, 3, 2]
2041:[1, 1, 0, 3, 2]
2042:[1, 1, 0, 3, 2]
2043:[1, 1, 0, 3, 2]
2044:[1, 1, 0, 3, 2]
2045:[1, 1, 0, 3, 2]
2046:[1, 1, 0, 3, 2]
2047:[1, 1, 0, 3, 2]
2048:[1, 1, 0, 3, 2]
2049:[1, 1, 0, 3, 2]
2050:[1, 1, 0, 3, 2]
2051:[1, 1, 0, 3, 2]
2052:[1, 1, 0, 3, 2]
2053:[1, 1, 0, 3, 2]
2054:[1, 1, 0, 3, 2]
2055:[1, 1, 0, 3, 2]
2056:[1, 1, 0, 3, 2]
2057:[1, 1, 0, 3, 2]
2058:[1, 1, 0, 3, 2]
2059:[1, 1, 0, 3, 2]
2060:[1, 1, 0, 3, 2]
2061:[1, 1, 0, 3, 2]
2062:[1, 1, 0, 3, 2]
2063:[1, 1, 0, 3, 2]
2064:[1, 1, 0, 3, 2]
2065:[1, 1, 0, 3, 2]
2066:[1, 1, 0, 3, 2]
2067:[1, 1, 0, 3, 2]
2068:[1, 1, 0, 3, 2]
2069:[1, 1, 0, 3, 2]
2070:[1, 1, 0, 3, 2]
2071:[1, 1, 0, 3, 2]
2072:[1, 1, 0, 3, 2]
2073:[1, 1, 0, 3, 2]
2074:[1, 1, 0, 3, 2]
2075:[1, 1, 0, 3, 2]
2076:[1, 1, 0, 3, 2]
2077:[1, 1, 0, 3, 2]
2078:[1, 1, 0, 3, 2]
2079:[1, 1, 0, 3, 2]
2080:[1, 1, 0, 3, 2]
2081:[1, 1, 0, 3, 2]
2082:[1, 1, 0, 3, 2]
2083:[1, 1, 0, 3, 2]
2084:[1, 1, 0, 3, 2]
2085:[1, 1, 0, 3, 2]
2086:[1, 1, 0, 3, 2]
2087:[1, 1, 0, 3, 2]
2088:[1, 1, 0, 3, 2]
2089:[1, 1, 0, 3, 2]
2090:[1, 1, 0, 3, 2]
2091:[1, 1, 0, 3, 2]
2092:[1, 1, 0, 3, 2]
2093:[1, 1, 0, 3, 2]
2094:[1, 1, 0, 3, 2]
2095:[1, 1, 0, 3, 2]
2096:[1, 1, 0, 3, 2]
2097:[1, 1, 0, 3, 2]
2098:[1, 1, 0, 3, 2]
2099:[1, 1, 0, 3, 2]
2100:[1, 1, 0, 3, 2]
2101:[1, 1, 0, 3, 2]
2102:[1, 1, 0, 3, 2]
2103:[1, 1, 0, 3, 2]
2104:[1, 1, 0, 3, 2]
2105:[1, 1, 0, 3, 2]
2106:[1, 1, 0, 3, 2]
2107:[1, 1, 0, 3, 2]
2108:[1, 1, 0, 3, 2]
2109:[1, 1, 0, 3, 2]
2110:[1, 1, 0, 3, 2]
2111:[1, 1, 0, 3, 2]
2112:[1, 1, 0, 3, 2]
2113:[1, 1, 0, 3, 2]
2114:[1, 1, 0, 3, 2]
2115:[1, 1, 0, 3, 2]
2116:[1, 1, 0, 3, 2]
2117:[1, 1, 0, 3, 2]
2118:[1, 1, 0, 3, 2]
2119:[1, 1, 0, 3, 2]
2120:[1, 1, 0, 3, 2]
2121:[1, 1, 0, 3, 2]
2122:[1, 1, 0, 3, 2]
2123:[1, 1, 0, 3, 2]
2124:[1, 1, 0, 3, 2]
2125:[1, 1, 0, 3, 2]
2126:[1, 1, 0, 3, 2]
2127:[1, 1, 0, 3, 2]
2128:[1, 1, 0, 3, 2]
2129:[1, 1, 0, 3, 2]
2130:[1, 1, 0, 3, 2]
2131:[1, 1, 0, 3, 2]
2132:[1, 1, 0, 3, 2]
2133:[1, 1, 0, 3, 2]
2134:[1, 1, 0, 3, 2]
2135:[1, 1, 0, 3, 2]
2136:[1, 1, 0, 3, 2]
2137:[1, 1, 0, 3, 2]
2138:[1, 1, 0, 3, 2]
2139:[1, 1, 0, 3, 2]
2140:[1, 1, 0, 3, 2]
2141:[1, 1, 0, 3, 2]
2142:[1, 1, 0, 3, 2]
2143:[1, 1, 0, 3, 2]
2144:[1, 1, 0, 3, 2]
2145:[1, 1, 0, 3, 2]
2146:[1, 1, 0, 3, 2]
2147:[1, 1, 0, 3, 2]
2148:[1, 1, 0, 3, 2]
2149:[1, 1, 0, 3, 2]
2150:[1, 1, 0, 3, 2]
2151:[1, 1, 0, 3, 2]
2152:[1, 1, 0, 3, 2]
2153:[1, 1, 0, 3, 2]
2154:[1, 1, 0, 3, 2]
2155:[1, 1, 0, 3, 2]
2156:[1, 1, 0, 3, 2]
2157:[1, 1, 0, 3, 2]
2158:[1, 1, 0, 3, 2]
2159:[1, 1, 0, 3, 2]
2160:[1, 1, 0, 3, 2]
2161:[1, 1, 0, 3, 2]
2162:[1, 1, 0, 3, 2]
2163:[1, 1, 0, 3, 2]
2164:[1, 1, 0, 3, 2]
2165:[1, 1, 0, 3, 2]
2166:[1, 1, 0, 3, 2]
2167:[1, 1, 0, 3, 2]
2168:[1, 1, 0, 3, 2]
2169:[1, 1, 0, 3, 2]
2170:[1, 1, 0, 3, 2]
2171:[1, 1, 0, 3, 2]
2172:[1, 1, 0, 3, 2]
2173:[1, 1, 0, 3, 2]
2174:[1, 1, 0, 3, 2]
2175:[1, 1, 0, 3, 2]
2176:[1, 1, 0, 3, 2]
2177:[1, 1, 0, 3, 2]
2178:[1, 1, 0, 3, 2]
2179:[1, 1, 0, 3, 2]
2180:[1, 1, 0, 3, 2]
2181:[1, 1, 0, 3, 2]
2182:[1, 1, 0, 3, 2]
2183:[1, 1, 0, 3, 2]
2184:[1, 1, 0, 3, 2]
2185:[1, 1, 0, 3, 2]
2186:[1, 1, 0, 3, 2]
2187:[1, 1, 0, 3, 2]
2188:[1, 1, 0, 3, 2]
2189:[1, 1, 0, 3, 2]
2190:[1, 1, 0, 3, 2]
2191:[1, 1, 0, 3, 2]
2192:[1, 1, 0, 3, 2]
2193:[1, 1, 0, 3, 2]
2194:[1, 1, 0, 3, 2]
2195:[1, 1, 0, 3, 2]
2196:[1, 1, 0, 3, 2]
2197:[1, 1, 0, 3, 2]
2198:[1, 1, 0, 3, 2]
2199:[1, 1, 0, 3, 2]
2200:[1, 1, 0, 3, 2]
2201:[1, 1, 0, 3, 2]
2202:[1, 1, 0, 3, 2]
2203:[1, 1, 0, 3, 2]
2204:[1, 1, 0, 3, 2]
2205:[1, 1, 0, 3, 2]
2206:[1, 1, 0, 3, 2]
2207:[1, 1, 0, 3, 2]
2208:[1, 1, 0, 3, 2]
2209:[1, 1, 0, 3, 2]
2210:[1, 1, 0, 3, 2]
2211:[1, 1, 0, 3, 2]
2212:[1, 1, 0, 3, 2]
2213:[1, 1, 0, 3, 2]
2214:[1, 1, 0, 3, 2]
2215:[1, 1, 0, 3, 2]
2216:[1, 1, 0, 3, 2]
2217:[1, 1, 0, 3, 2]
2218:[1, 1, 0, 3, 2]
2219:[1, 1, 0, 3, 2]
2220:[1, 1, 0, 3, 2]
2221:[1, 1, 0, 3, 2]
2222:[1, 1, 0, 3, 2]
2223:[1, 1, 0, 3, 2]
2224:[1, 1, 0, 3, 2]
2225:[1, 1, 0, 3, 2]
2226:[1, 1, 0, 3, 2]
2227:[1, 1, 0, 3, 2]
2228:[1, 1, 0, 3, 2]
2229:[1, 1, 0, 3, 2]
2230:[1, 1, 0, 3, 2]
2231:[1, 1, 0, 3, 2]
2232:[1, 1, 0, 3, 2]
2233:[1, 1, 0, 3, 2]
2234:[1, 1, 0, 3, 2]
2235:[1, 1, 0, 3, 2]
2236:[1, 1, 0, 3, 2]
2237:[1, 1, 0, 3, 2]
2238:[1, 1, 0, 3, 2]
2239:[1, 1, 0, 3, 2]
2240:[1, 1, 0, 3, 2]
2241:[1, 1, 0, 3, 2]
2242:[1, 1, 0, 3, 2]
2243:[1, 1, 0, 3, 2]
2244:[1, 1, 0, 3, 2]
2245:[1, 1, 0, 3, 2]
2246:[1, 1, 0, 3, 2]
2247:[1, 1, 0, 3, 2]
2248:[1, 1, 0, 3, 2]
2249:[1, 1, 0, 3, 2]
2250:[1, 1, 0, 3, 2]
2251:[1, 1, 0, 3, 2]
2252:[1, 1, 0, 3, 2]
2253:[1, 1, 0, 3, 2]
2254:[1, 1, 0, 3, 2]
2255:[1, 1, 0, 3, 2]
2256:[1, 1, 0, 3, 2]
2257:[1, 1, 0, 3, 2]
2258:[1, 1, 0, 3, 2]
2259:[1, 1, 0, 3, 2]
2260:[1, 1, 0, 3, 2]
2261:[1, 1, 0, 3, 2]
2262:[1, 1, 0, 3, 2]
2263:[1, 1, 0, 3, 2]
2264:[1, 1, 0, 3, 2]
2265:[1, 1, 0, 3, 2]
2266:[1, 1, 0, 3, 2]
2267:[1, 1, 0, 3, 2]
2268:[1, 1, 0, 3, 2]
2269:[1, 1, 0, 3, 2]
2270:[1, 1, 0, 3, 2]
2271:[1, 1, 0, 3, 2]
2272:[1, 1, 0, 3, 2]
2273:[1, 1, 0, 3, 2]
2274:[1, 1, 0, 3, 2]
2275:[1, 1, 0, 3, 2]
2276:[1, 1, 0, 3, 2]
2277:[1, 1, 0, 3, 2]
2278:[1, 1, 0, 3, 2]
2279:[1, 1, 0, 3, 2]
2280:[1, 1, 0, 3, 2]
2281:[1, 1, 0, 3, 2]
2282:[1, 1, 0, 3, 2]
2283:[1, 1, 0, 3, 2]
2284:[1, 1, 0, 3, 2]
2285:[1, 1, 0, 3, 2]
2286:[1, 1, 0, 3, 2]
2287:[1, 1, 0, 3, 2]
2288:[1, 1, 0, 3, 2]
2289:[1, 1, 0, 3, 2]
2290:[1, 1, 0, 3, 2]
2291:[1, 1, 0, 3, 2]
2292:[1, 1, 0, 3, 2]
2293:[1, 1, 0, 3, 2]
2294:[1, 1, 0, 3, 2]
2295:[1, 1, 0, 3, 2]
2296:[1, 1, 0, 3, 2]
2297:[1, 1, 0, 3, 2]
2298:[1, 1, 0, 3, 2]
2299:[1, 1, 0, 3, 2]
2300:[1, 1, 0, 3, 2]
2301:[1, 1, 0, 3, 2]
2302:[1, 1, 0, 3, 2]
2303:[1, 1, 0, 3, 2]
2304:[1, 1, 0, 3, 2]
2305:[1, 1, 0, 3, 2]
2306:[1, 1, 0, 3, 2]
2307:[1, 1, 0, 3, 2]
2308:[1, 1, 0, 3, 2]
2309:[1, 1, 0, 3, 2]
2310:[1, 1, 0, 3, 2]
2311:[1, 1, 0, 3, 2]
2312:[1, 1, 0, 3, 2]
2313:[1, 1, 0, 3, 2]
2314:[1, 1, 0, 3, 2]
2315:[1, 1, 0, 3, 2]
2316:[1, 1, 0, 3, 2]
2317:[1, 1, 0, 3, 2]
2318:[1, 1, 0, 3, 2]
2319:[1, 1, 0, 3, 2]
2320:[1, 1, 0, 3, 2]
2321:[1, 1, 0, 3, 2]
2322:[1, 1, 0, 3, 2]
2323:[1, 1, 0, 3, 2]
2324:[1, 1, 0, 3, 2]
2325:[1, 1, 0, 3, 2]
2326:[1, 1, 0, 3, 2]
2327:[1, 1, 0, 3, 2]
2328:[1, 1, 0, 3, 2]
2329:[1, 1, 0, 3, 2]
2330:[1, 1, 0, 3, 2]
2331:[1, 1, 0, 3, 2]
2332:[1, 1, 0, 3, 2]
2333:[1, 1, 0, 3, 2]
2334:[1, 1, 0, 3, 2]
2335:[1, 1, 0, 3, 2]
2336:[1, 1, 0, 3, 2]
2337:[1, 1, 0, 3, 2]
2338:[1, 1, 0, 3, 2]
2339:[1, 1, 0, 3, 2]
2340:[1, 1, 0, 3, 2]
2341:[1, 1, 0, 3, 2]
2342:[1, 1, 0, 3, 2]
2343:[1, 1, 0, 3, 2]
2344:[1, 1, 0, 3, 2]
2345:[1, 1, 0, 3, 2]
2346:[1, 1, 0, 3, 2]
2347:[1, 1, 0, 3, 2]
2348:[1, 1, 0, 3, 2]
2349:[1, 1, 0, 3, 2]
2350:[1, 1, 0, 3, 2]
2351:[1, 1, 0, 3, 2]
2352:[1, 1, 0, 3, 2]
2353:[1, 1, 0, 3, 2]
2354:[1, 1, 0, 3, 2]
2355:[1, 1, 0, 3, 2]
2356:[1, 1, 0, 3, 2]
2357:[1, 1, 0, 3, 2]
2358:[1, 1, 0, 3, 2]
2359:[1, 1, 0, 3, 2]
2360:[1, 1, 0, 3, 2]
2361:[1, 1, 0, 3, 2]
2362:[1, 1, 0, 3, 2]
2363:[1, 1, 0, 3, 2]
2364:[1, 1, 0, 3, 2]
2365:[1, 1, 0, 3, 2]
2366:[1, 1, 0, 3, 2]
2367:[1, 1, 0, 3, 2]
2368:[1, 1, 0, 3, 2]
2369:[1, 1, 0, 3, 2]
2370:[1, 1, 0, 3, 2]
2371:[1, 1, 0, 3, 2]
2372:[1, 1, 0, 3, 2]
2373:[1, 1, 0, 3, 2]
2374:[1, 1, 0, 3, 2]
2375:[1, 1, 0, 3, 2]
2376:[1, 1, 0, 3, 2]
2377:[1, 1, 0, 3, 2]
2378:[1, 1, 0, 3, 2]
2379:[1, 1, 0, 3, 2]
2380:[1, 1, 0, 3, 2]
2381:[1, 1, 0, 3, 2]
2382:[1, 1, 0, 3, 2]
2383:[1, 1, 0, 3, 2]
2384:[1, 1, 0, 3, 2]
2385:[1, 1, 0, 3, 2]
2386:[1, 1, 0, 3, 2]
2387:[1, 1, 0, 3, 2]
2388:[1, 1, 0, 3, 2]
2389:[1, 1, 0, 3, 2]
2390:[1, 1, 0, 3, 2]
2391:[1, 1, 0, 3, 2]
2392:[1, 1, 0, 3, 2]
2393:[1, 1, 0, 3, 2]
2394:[1, 1, 0, 3, 2]
2395:[1, 1, 0, 3, 2]
2396:[1, 1, 0, 3, 2]
2397:[1, 1, 0, 3, 2]
2398:[1, 1, 0, 3, 2]
2399:[1, 1, 0, 3, 2]
2400:[1, 1, 0, 3, 2]
2401:[1, 1, 0, 3, 2]
2402:[1, 1, 0, 3, 2]
2403:[1, 1, 0, 3, 2]
2404:[1, 1, 0, 3, 2]
2405:[1, 1, 0, 3, 2]
2406:[1, 1, 0, 3, 2]
2407:[1, 1, 0, 3, 2]
2408:[1, 1, 0, 3, 2]
2409:[1, 1, 0, 3, 2]
2410:[1, 1, 0, 3, 2]
2411:[1, 1, 0, 3, 2]
2412:[1, 1, 0, 3, 2]
2413:[1, 1, 0, 3, 2]
2414:[1, 1, 0, 3, 2]
2415:[1, 1, 0, 3, 2]
2416:[1, 1, 0, 3, 2]
2417:[1, 1, 0, 3, 2]
2418:[1, 1, 0, 3, 2]
2419:[1, 1, 0, 3, 2]
2420:[1, 1, 0, 3, 2]
2421:[1, 1, 0, 3, 2]
2422:[1, 1, 0, 3, 2]
2423:[1, 1, 0, 3, 2]
2424:[1, 1, 0, 3, 2]
2425:[1, 1, 0, 3, 2]
2426:[1, 1, 0, 3, 2]
2427:[1, 1, 0, 3, 2]
2428:[1, 1, 0, 3, 2]
2429:[1, 1, 0, 3, 2]
2430:[1, 1, 0, 3, 2]
2431:[1, 1, 0, 3, 2]
2432:[1, 1, 0, 3, 2]
2433:[1, 1, 0, 3, 2]
2434:[1, 1, 0, 3, 2]
2435:[1, 1, 0, 3, 2]
2436:[1, 1, 0, 3, 2]
2437:[1, 1, 0, 3, 2]
2438:[1, 1, 0, 3, 2]
2439:[1, 1, 0, 3, 2]
2440:[1, 1, 0, 3, 2]
2441:[1, 1, 0, 3, 2]
2442:[1, 1, 0, 3, 2]
2443:[1, 1, 0, 3, 2]
2444:[1, 1, 0, 3, 2]
2445:[1, 1, 0, 3, 2]
2446:[1, 1, 0, 3, 2]
2447:[1, 1, 0, 3, 2]
2448:[1, 1, 0, 3, 2]
2449:[1, 1, 0, 3, 2]
2450:[1, 1, 0, 3, 2]
2451:[1, 1, 0, 3, 2]
2452:[1, 1, 0, 3, 2]
2453:[1, 1, 0, 3, 2]
2454:[1, 1, 0, 3, 2]
2455:[1, 1, 0, 3, 2]
2456:[1, 1, 0, 3, 2]
2457:[1, 1, 0, 3, 2]
2458:[1, 1, 0, 3, 2]
2459:[1, 1, 0, 3, 2]
2460:[1, 1, 0, 3, 2]
2461:[1, 1, 0, 3, 2]
2462:[1, 1, 0, 3, 2]
2463:[1, 1, 0, 3, 2]
2464:[1, 1, 0, 3, 2]
2465:[1, 1, 0, 3, 2]
2466:[1, 1, 0, 3, 2]
2467:[1, 1, 0, 3, 2]
2468:[1, 1, 0, 3, 2]
2469:[1, 1, 0, 3, 2]
2470:[1, 1, 0, 3, 2]
2471:[1, 1, 0, 3, 2]
2472:[1, 1, 0, 3, 2]
2473:[1, 1, 0, 3, 2]
2474:[1, 1, 0, 3, 2]
2475:[1, 1, 0, 3, 2]
2476:[1, 1, 0, 3, 2]
2477:[1, 1, 0, 3, 2]
2478:[1, 1, 0, 3, 2]
2479:[1, 1, 0, 3, 2]
2480:[1, 1, 0, 3, 2]
2481:[1, 1, 0, 3, 2]
2482:[1, 1, 0, 3, 2]
2483:[1, 1, 0, 3, 2]
2484:[1, 1, 0, 3, 2]
2485:[1, 1, 0, 3, 2]
2486:[1, 1, 0, 3, 2]
2487:[1, 1, 0, 3, 2]
2488:[1, 1, 0, 3, 2]
2489:[1, 1, 0, 3, 2]
2490:[1, 1, 0, 3, 2]
2491:[1, 1, 0, 3, 2]
2492:[1, 1, 0, 3, 2]
2493:[1, 1, 0, 3, 2]
2494:[1, 1, 0, 3, 2]
2495:[1, 1, 0, 3, 2]
2496:[1, 1, 0, 3, 2]
2497:[1, 1, 0, 3, 2]
2498:[1, 1, 0, 3, 2]
2499:[1, 1, 0, 3, 2]
2500:[1, 1, 0, 3, 2]
2501:[1, 1, 0, 3, 2]
2502:[1, 1, 0, 3, 2]
2503:[1, 1, 0, 3, 2]
2504:[1, 1, 0, 3, 2]
2505:[1, 1, 0, 3, 2]
2506:[1, 1, 0, 3, 2]
2507:[1, 1, 0, 3, 2]
2508:[1, 1, 0, 3, 2]
2509:[1, 1, 0, 3, 2]
2510:[1, 1, 0, 3, 2]
2511:[1, 1, 0, 3, 2]
2512:[1, 1, 0, 3, 2]
2513:[1, 1, 0, 3, 2]
2514:[1, 1, 0, 3, 2]
2515:[1, 1, 0, 3, 2]
2516:[1, 1, 0, 3, 2]
2517:[1, 1, 0, 3, 2]
2518:[1, 1, 0, 3, 2]
2519:[1, 1, 0, 3, 2]
2520:[1, 1, 0, 3, 2]
2521:[1, 1, 0, 3, 2]
2522:[1, 1, 0, 3, 2]
2523:[1, 1, 0, 3, 2]
2524:[1, 1, 0, 3, 2]
2525:[1, 1, 0, 3, 2]
2526:[1, 1, 0, 3, 2]
2527:[1, 1, 0, 3, 2]
2528:[1, 1, 0, 3, 2]
2529:[1, 1, 0, 3, 2]
2530:[1, 1, 0, 3, 2]
2531:[1, 1, 0, 3, 2]
2532:[1, 1, 0, 3, 2]
2533:[1, 1, 0, 3, 2]
2534:[1, 1, 0, 3, 2]
2535:[1, 1, 0, 3, 2]
2536:[1, 1, 0, 3, 2]
2537:[1, 1, 0, 3, 2]
2538:[1, 1, 0, 3, 2]
2539:[1, 1, 0, 3, 2]
2540:[1, 1, 0, 3, 2]
2541:[1, 1, 0, 3, 2]
2542:[1, 1, 0, 3, 2]
2543:[1, 1, 0, 3, 2]
2544:[1, 1, 0, 3, 2]
2545:[1, 1, 0, 3, 2]
2546:[1, 1, 0, 3, 2]
2547:[1, 1, 0, 3, 2]
2548:[1, 1, 0, 3, 2]
2549:[1, 1, 0, 3, 2]
2550:[1, 1, 0, 3, 2]
2551:[1, 1, 0, 3, 2]
2552:[1, 1, 0, 3, 2]
2553:[1, 1, 0, 3, 2]
2554:[1, 1, 0, 3, 2]
2555:[1, 1, 0, 3, 2]
2556:[1, 1, 0, 3, 2]
2557:[1, 1, 0, 3, 2]
2558:[1, 1, 0, 3, 2]
2559:[1, 1, 0, 3, 2]
2560:[1, 1, 0, 3, 2]
2561:[1, 1, 0, 3, 2]
2562:[1, 1, 0, 3, 2]
2563:[1, 1, 0, 3, 2]
2564:[1, 1, 0, 3, 2]
2565:[1, 1, 0, 3, 2]
2566:[1, 1, 0, 3, 2]
2567:[1, 1, 0, 3, 2]
2568:[1, 1, 0, 3, 2]
2569:[1, 1, 0, 3, 2]
2570:[1, 1, 0, 3, 2]
2571:[1, 1, 0, 3, 2]
2572:[1, 1, 0, 3, 2]
2573:[1, 1, 0, 3, 2]
2574:[1, 1, 0, 3, 2]
2575:[1, 1, 0, 3, 2]
2576:[1, 1, 0, 3, 2]
2577:[1, 1, 0, 3, 2]
2578:[1, 1, 0, 3, 2]
2579:[1, 1, 0, 3, 2]
2580:[1, 1, 0, 3, 2]
2581:[1, 1, 0, 3, 2]
2582:[1, 1, 0, 3, 2]
2583:[1, 1, 0, 3, 2]
2584:[1, 1, 0, 3, 2]
2585:[1, 1, 0, 3, 2]
2586:[1, 1, 0, 3, 2]
2587:[1, 1, 0, 3, 2]
2588:[1, 1, 0, 3, 2]
2589:[1, 1, 0, 3, 2]
2590:[1, 1, 0, 3, 2]
2591:[1, 1, 0, 3, 2]
2592:[1, 1, 0, 3, 2]
2593:[1, 1, 0, 3, 2]
2594:[1, 1, 0, 3, 2]
2595:[1, 1, 0, 3, 2]
2596:[1, 1, 0, 3, 2]
2597:[1, 1, 0, 3, 2]
2598:[1, 1, 0, 3, 2]
2599:[1, 1, 0, 3, 2]
2600:[1, 1, 0, 3, 2]
2601:[1, 1, 0, 3, 2]
2602:[1, 1, 0, 3, 2]
2603:[1, 1, 0, 3, 2]
2604:[1, 1, 0, 3, 2]
2605:[1, 1, 0, 3, 2]
2606:[1, 1, 0, 3, 2]
2607:[1, 1, 0, 3, 2]
2608:[1, 1, 0, 3, 2]
2609:[1, 1, 0, 3, 2]
2610:[1, 1, 0, 3, 2]
2611:[1, 1, 0, 3, 2]
2612:[1, 1, 0, 3, 2]
2613:[1, 1, 0, 3, 2]
2614:[1, 1, 0, 3, 2]
2615:[1, 1, 0, 3, 2]
2616:[1, 1, 0, 3, 2]
2617:[1, 1, 0, 3, 2]
2618:[1, 1, 0, 3, 2]
2619:[1, 1, 0, 3, 2]
2620:[1, 1, 0, 3, 2]
2621:[1, 1, 0, 3, 2]
2622:[1, 1, 0, 3, 2]
2623:[1, 1, 0, 3, 2]
2624:[1, 1, 0, 3, 2]
2625:[1, 1, 0, 3, 2]
2626:[1, 1, 0, 3, 2]
2627:[1, 1, 0, 3, 2]
2628:[1, 1, 0, 3, 2]
2629:[1, 1, 0, 3, 2]
2630:[1, 1, 0, 3, 2]
2631:[1, 1, 0, 3, 2]
2632:[1, 1, 0, 3, 2]
2633:[1, 1, 0, 3, 2]
2634:[1, 1, 0, 3, 2]
2635:[1, 1, 0, 3, 2]
2636:[1, 1, 0, 3, 2]
2637:[1, 1, 0, 3, 2]
2638:[1, 1, 0, 3, 2]
2639:[1, 1, 0, 3, 2]
2640:[1, 1, 0, 3, 2]
2641:[1, 1, 0, 3, 2]
2642:[1, 1, 0, 3, 2]
2643:[1, 1, 0, 3, 2]
2644:[1, 1, 0, 3, 2]
2645:[1, 1, 0, 3, 2]
2646:[1, 1, 0, 3, 2]
2647:[1, 1, 0, 3, 2]
2648:[1, 1, 0, 3, 2]
2649:[1, 1, 0, 3, 2]
2650:[1, 1, 0, 3, 2]
2651:[1, 1, 0, 3, 2]
2652:[1, 1, 0, 3, 2]
2653:[1, 1, 0, 3, 2]
2654:[1, 1, 0, 3, 2]
2655:[1, 1, 0, 3, 2]
2656:[1, 1, 0, 3, 2]
2657:[1, 1, 0, 3, 2]
2658:[1, 1, 0, 3, 2]
2659:[1, 1, 0, 3, 2]
2660:[1, 1, 0, 3, 2]
2661:[1, 1, 0, 3, 2]
2662:[1, 1, 0, 3, 2]
2663:[1, 1, 0, 3, 2]
2664:[1, 1, 0, 3, 2]
2665:[1, 1, 0, 3, 2]
2666:[1, 1, 0, 3, 2]
2667:[1, 1, 0, 3, 2]
2668:[1, 1, 0, 3, 2]
2669:[1, 1, 0, 3, 2]
2670:[1, 1, 0, 3, 2]
2671:[1, 1, 0, 3, 2]
2672:[1, 1, 0, 3, 2]
2673:[1, 1, 0, 3, 2]
2674:[1, 1, 0, 3, 2]
2675:[1, 1, 0, 3, 2]
2676:[1, 1, 0, 3, 2]
2677:[1, 1, 0, 3, 2]
2678:[1, 1, 0, 3, 2]
2679:[1, 1, 0, 3, 2]
2680:[1, 1, 0, 3, 2]
2681:[1, 1, 0, 3, 2]
2682:[1, 1, 0, 3, 2]
2683:[1, 1, 0, 3, 2]
2684:[1, 1, 0, 3, 2]
2685:[1, 1, 0, 3, 2]
2686:[1, 1, 0, 3, 2]
2687:[1, 1, 0, 3, 2]
2688:[1, 1, 0, 3, 2]
2689:[1, 1, 0, 3, 2]
2690:[1, 1, 0, 3, 2]
2691:[1, 1, 0, 3, 2]
2692:[1, 1, 0, 3, 2]
2693:[1, 1, 0, 3, 2]
2694:[1, 1, 0, 3, 2]
2695:[1, 1, 0, 3, 2]
2696:[1, 1, 0, 3, 2]
2697:[1, 1, 0, 3, 2]
2698:[1, 1, 0, 3, 2]
2699:[1, 1, 0, 3, 2]
2700:[1, 1, 0, 3, 2]
2701:[1, 1, 0, 3, 2]
2702:[1, 1, 0, 3, 2]
2703:[1, 1, 0, 3, 2]
2704:[1, 1, 0, 3, 2]
2705:[1, 1, 0, 3, 2]
2706:[1, 1, 0, 3, 2]
2707:[1, 1, 0, 3, 2]
2708:[1, 1, 0, 3, 2]
2709:[1, 1, 0, 3, 2]
2710:[1, 1, 0, 3, 2]
2711:[1, 1, 0, 3, 2]
2712:[1, 1, 0, 3, 2]
2713:[1, 1, 0, 3, 2]
2714:[1, 1, 0, 3, 2]
2715:[1, 1, 0, 3, 2]
2716:[1, 1, 0, 3, 2]
2717:[1, 1, 0, 3, 2]
2718:[1, 1, 0, 3, 2]
2719:[1, 1, 0, 3, 2]
2720:[1, 1, 0, 3, 2]
2721:[1, 1, 0, 3, 2]
2722:[1, 1, 0, 3, 2]
2723:[1, 1, 0, 3, 2]
2724:[1, 1, 0, 3, 2]
2725:[1, 1, 0, 3, 2]
2726:[1, 1, 0, 3, 2]
2727:[1, 1, 0, 3, 2]
2728:[1, 1, 0, 3, 2]
2729:[1, 1, 0, 3, 2]
2730:[1, 1, 0, 3, 2]
2731:[1, 1, 0, 3, 2]
2732:[1, 1, 0, 3, 2]
2733:[1, 1, 0, 3, 2]
2734:[1, 1, 0, 3, 2]
2735:[1, 1, 0, 3, 2]
2736:[1, 1, 0, 3, 2]
2737:[1, 1, 0, 3, 2]
2738:[1, 1, 0, 3, 2]
2739:[1, 1, 0, 3, 2]
2740:[1, 1, 0, 3, 2]
2741:[1, 1, 0, 3, 2]
2742:[1, 1, 0, 3, 2]
2743:[1, 1, 0, 3, 2]
2744:[1, 1, 0, 3, 2]
2745:[1, 1, 0, 3, 2]
2746:[1, 1, 0, 3, 2]
2747:[1, 1, 0, 3, 2]
2748:[1, 1, 0, 3, 2]
2749:[1, 1, 0, 3, 2]
2750:[1, 1, 0, 3, 2]
2751:[1, 1, 0, 3, 2]
2752:[1, 1, 0, 3, 2]
2753:[1, 1, 0, 3, 2]
2754:[1, 1, 0, 3, 2]
2755:[1, 1, 0, 3, 2]
2756:[1, 1, 0, 3, 2]
2757:[1, 1, 0, 3, 2]
2758:[1, 1, 0, 3, 2]
2759:[1, 1, 0, 3, 2]
2760:[1, 1, 0, 3, 2]
2761:[1, 1, 0, 3, 2]
2762:[1, 1, 0, 3, 2]
2763:[1, 1, 0, 3, 2]
2764:[1, 1, 0, 3, 2]
2765:[1, 1, 0, 3, 2]
2766:[1, 1, 0, 3, 2]
2767:[1, 1, 0, 3, 2]
2768:[1, 1, 0, 3, 2]
2769:[1, 1, 0, 3, 2]
2770:[1, 1, 0, 3, 2]
2771:[1, 1, 0, 3, 2]
2772:[1, 1, 0, 3, 2]
2773:[1, 1, 0, 3, 2]
2774:[1, 1, 0, 3, 2]
2775:[1, 1, 0, 3, 2]
2776:[1, 1, 0, 3, 2]
2777:[1, 1, 0, 3, 2]
2778:[1, 1, 0, 3, 2]
2779:[1, 1, 0, 3, 2]
2780:[1, 1, 0, 3, 2]
2781:[1, 1, 0, 3, 2]
2782:[1, 1, 0, 3, 2]
2783:[1, 1, 0, 3, 2]
2784:[1, 1, 0, 3, 2]
2785:[1, 1, 0, 3, 2]
2786:[1, 1, 0, 3, 2]
2787:[1, 1, 0, 3, 2]
2788:[1, 1, 0, 3, 2]
2789:[1, 1, 0, 3, 2]
2790:[1, 1, 0, 3, 2]
2791:[1, 1, 0, 3, 2]
2792:[1, 1, 0, 3, 2]
2793:[1, 1, 0, 3, 2]
2794:[1, 1, 0, 3, 2]
2795:[1, 1, 0, 3, 2]
2796:[1, 1, 0, 3, 2]
2797:[1, 1, 0, 3, 2]
2798:[1, 1, 0, 3, 2]
2799:[1, 1, 0, 3, 2]
2800:[1, 1, 0, 3, 2]
2801:[1, 1, 0, 3, 2]
2802:[1, 1, 0, 3, 2]
2803:[1, 1, 0, 3, 2]
2804:[1, 1, 0, 3, 2]
2805:[1, 1, 0, 3, 2]
2806:[1, 1, 0, 3, 2]
2807:[1, 1, 0, 3, 2]
2808:[1, 1, 0, 3, 2]
2809:[1, 1, 0, 3, 2]
2810:[1, 1, 0, 3, 2]
2811:[1, 1, 0, 3, 2]
2812:[1, 1, 0, 3, 2]
2813:[1, 1, 0, 3, 2]
2814:[1, 1, 0, 3, 2]
2815:[1, 1, 0, 3, 2]
2816:[1, 1, 0, 3, 2]
2817:[1, 1, 0, 3, 2]
2818:[1, 1, 0, 3, 2]
2819:[1, 1, 0, 3, 2]
2820:[1, 1, 0, 3, 2]
2821:[1, 1, 0, 3, 2]
2822:[1, 1, 0, 3, 2]
2823:[1, 1, 0, 3, 2]
2824:[1, 1, 0, 3, 2]
2825:[1, 1, 0, 3, 2]
2826:[1, 1, 0, 3, 2]
2827:[1, 1, 0, 3, 2]
2828:[1, 1, 0, 3, 2]
2829:[1, 1, 0, 3, 2]
2830:[1, 1, 0, 3, 2]
2831:[1, 1, 0, 3, 2]
2832:[1, 1, 0, 3, 2]
2833:[1, 1, 0, 3, 2]
2834:[1, 1, 0, 3, 2]
2835:[1, 1, 0, 3, 2]
2836:[1, 1, 0, 3, 2]
2837:[1, 1, 0, 3, 2]
2838:[1, 1, 0, 3, 2]
2839:[1, 1, 0, 3, 2]
2840:[1, 1, 0, 3, 2]
2841:[1, 1, 0, 3, 2]
2842:[1, 1, 0, 3, 2]
2843:[1, 1, 0, 3, 2]
2844:[1, 1, 0, 3, 2]
2845:[1, 1, 0, 3, 2]
2846:[1, 1, 0, 3, 2]
2847:[1, 1, 0, 3, 2]
2848:[1, 1, 0, 3, 2]
2849:[1, 1, 0, 3, 2]
2850:[1, 1, 0, 3, 2]
2851:[1, 1, 0, 3, 2]
2852:[1, 1, 0, 3, 2]
2853:[1, 1, 0, 3, 2]
2854:[1, 1, 0, 3, 2]
2855:[1, 1, 0, 3, 2]
2856:[1, 1, 0, 3, 2]
2857:[1, 1, 0, 3, 2]
2858:[1, 1, 0, 3, 2]
2859:[1, 1, 0, 3, 2]
2860:[1, 1, 0, 3, 2]
2861:[1, 1, 0, 3, 2]
2862:[1, 1, 0, 3, 2]
2863:[1, 1, 0, 3, 2]
2864:[1, 1, 0, 3, 2]
2865:[1, 1, 0, 3, 2]
2866:[1, 1, 0, 3, 2]
2867:[1, 1, 0, 3, 2]
2868:[1, 1, 0, 3, 2]
2869:[1, 1, 0, 3, 2]
2870:[1, 1, 0, 3, 2]
2871:[1, 1, 0, 3, 2]
2872:[1, 1, 0, 3, 2]
2873:[1, 1, 0, 3, 2]
2874:[1, 1, 0, 3, 2]
2875:[1, 1, 0, 3, 2]
2876:[1, 1, 0, 3, 2]
2877:[1, 1, 0, 3, 2]
2878:[1, 1, 0, 3, 2]
2879:[1, 1, 0, 3, 2]
2880:[1, 1, 0, 3, 2]
2881:[1, 1, 0, 3, 2]
2882:[1, 1, 0, 3, 2]
2883:[1, 1, 0, 3, 2]
2884:[1, 1, 0, 3, 2]
2885:[1, 1, 0, 3, 2]
2886:[1, 1, 0, 3, 2]
2887:[1, 1, 0, 3, 2]
2888:[1, 1, 0, 3, 2]
2889:[1, 1, 0, 3, 2]
2890:[1, 1, 0, 3, 2]
2891:[1, 1, 0, 3, 2]
2892:[1, 1, 0, 3, 2]
2893:[1, 1, 0, 3, 2]
2894:[1, 1, 0, 3, 2]
2895:[1, 1, 0, 3, 2]
2896:[1, 1, 0, 3, 2]
2897:[1, 1, 0, 3, 2]
2898:[1, 1, 0, 3, 2]
2899:[1, 1, 0, 3, 2]
2900:[1, 1, 0, 3, 2]
2901:[1, 1, 0, 3, 2]
2902:[1, 1, 0, 3, 2]
2903:[1, 1, 0, 3, 2]
2904:[1, 1, 0, 3, 2]
2905:[1, 1, 0, 3, 2]
2906:[1, 1, 0, 3, 2]
2907:[1, 1, 0, 3, 2]
2908:[1, 1, 0, 3, 2]
2909:[1, 1, 0, 3, 2]
2910:[1, 1, 0, 3, 2]
2911:[1, 1, 0, 3, 2]
2912:[1, 1, 0, 3, 2]
2913:[1, 1, 0, 3, 2]
2914:[1, 1, 0, 3, 2]
2915:[1, 1, 0, 3, 2]
2916:[1, 1, 0, 3, 2]
2917:[1, 1, 0, 3, 2]
2918:[1, 1, 0, 3, 2]
2919:[1, 1, 0, 3, 2]
2920:[1, 1, 0, 3, 2]
2921:[1, 1, 0, 3, 2]
2922:[1, 1, 0, 3, 2]
2923:[1, 1, 0, 3, 2]
2924:[1, 1, 0, 3, 2]
2925:[1, 1, 0, 3, 2]
2926:[1, 1, 0, 3, 2]
2927:[1, 1, 0, 3, 2]
2928:[1, 1, 0, 3, 2]
2929:[1, 1, 0, 3, 2]
2930:[1, 1, 0, 3, 2]
2931:[1, 1, 0, 3, 2]
2932:[1, 1, 0, 3, 2]
2933:[1, 1, 0, 3, 2]
2934:[1, 1, 0, 3, 2]
2935:[1, 1, 0, 3, 2]
2936:[1, 1, 0, 3, 2]
2937:[1, 1, 0, 3, 2]
2938:[1, 1, 0, 3, 2]
2939:[1, 1, 0, 3, 2]
2940:[1, 1, 0, 3, 2]
2941:[1, 1, 0, 3, 2]
2942:[1, 1, 0, 3, 2]
2943:[1, 1, 0, 3, 2]
2944:[1, 1, 0, 3, 2]
2945:[1, 1, 0, 3, 2]
2946:[1, 1, 0, 3, 2]
2947:[1, 1, 0, 3, 2]
2948:[1, 1, 0, 3, 2]
2949:[1, 1, 0, 3, 2]
2950:[1, 1, 0, 3, 2]
2951:[1, 1, 0, 3, 2]
2952:[1, 1, 0, 3, 2]
2953:[1, 1, 0, 3, 2]
2954:[1, 1, 0, 3, 2]
2955:[1, 1, 0, 3, 2]
2956:[1, 1, 0, 3, 2]
2957:[1, 1, 0, 3, 2]
2958:[1, 1, 0, 3, 2]
2959:[1, 1, 0, 3, 2]
2960:[1, 1, 0, 3, 2]
2961:[1, 1, 0, 3, 2]
2962:[1, 1, 0, 3, 2]
2963:[1, 1, 0, 3, 2]
2964:[1, 1, 0, 3, 2]
2965:[1, 1, 0, 3, 2]
2966:[1, 1, 0, 3, 2]
2967:[1, 1, 0, 3, 2]
2968:[1, 1, 0, 3, 2]
2969:[1, 1, 0, 3, 2]
2970:[1, 1, 0, 3, 2]
2971:[1, 1, 0, 3, 2]
2972:[1, 1, 0, 3, 2]
2973:[1, 1, 0, 3, 2]
2974:[1, 1, 0, 3, 2]
2975:[1, 1, 0, 3, 2]
2976:[1, 1, 0, 3, 2]
2977:[1, 1, 0, 3, 2]
2978:[1, 1, 0, 3, 2]
2979:[1, 1, 0, 3, 2]
2980:[1, 1, 0, 3, 2]
2981:[1, 1, 0, 3, 2]
2982:[1, 1, 0, 3, 2]
2983:[1, 1, 0, 3, 2]
2984:[1, 1, 0, 3, 2]
2985:[1, 1, 0, 3, 2]
2986:[1, 1, 0, 3, 2]
2987:[1, 1, 0, 3, 2]
2988:[1, 1, 0, 3, 2]
2989:[1, 1, 0, 3, 2]
2990:[1, 1, 0, 3, 2]
2991:[1, 1, 0, 3, 2]
2992:[1, 1, 0, 3, 2]
2993:[1, 1, 0, 3, 2]
2994:[1, 1, 0, 3, 2]
2995:[1, 1, 0, 3, 2]
2996:[1, 1, 0, 3, 2]
2997:[1, 1, 0, 3, 2]
2998:[1, 1, 0, 3, 2]
2999:[1, 1, 0, 3, 2]
3000:[1, 1, 0, 3, 2]
3001:[1, 1, 0, 3, 2]
3002:[1, 1, 0, 3, 2]
3003:[1, 1, 0, 3, 2]
3004:[1, 1, 0, 3, 2]
3005:[1, 1, 0, 3, 2]
3006:[1, 1, 0, 3, 2]
3007:[1, 1, 0, 3, 2]
3008:[1, 1, 0, 3, 2]
3009:[1, 1, 0, 3, 2]
3010:[1, 1, 0, 3, 2]
3011:[1, 1, 0, 3, 2]
3012:[1, 1, 0, 3, 2]
3013:[1, 1, 0, 3, 2]
3014:[1, 1, 0, 3, 2]
3015:[1, 1, 0, 3, 2]
3016:[1, 1, 0, 3, 2]
3017:[1, 1, 0, 3, 2]
3018:[1, 1, 0, 3, 2]
3019:[1, 1, 0, 3, 2]
3020:[1, 1, 0, 3, 2]
3021:[1, 1, 0, 3, 2]
3022:[1, 1, 0, 3, 2]
3023:[1, 1, 0, 3, 2]
3024:[1, 1, 0, 3, 2]
3025:[1, 1, 0, 3, 2]
3026:[1, 1, 0, 3, 2]
3027:[1, 1, 0, 3, 2]
3028:[1, 1, 0, 3, 2]
3029:[1, 1, 0, 3, 2]
3030:[1, 1, 0, 3, 2]
3031:[1, 1, 0, 3, 2]
3032:[1, 1, 0, 3, 2]
3033:[1, 1, 0, 3, 2]
3034:[1, 1, 0, 3, 2]
3035:[1, 1, 0, 3, 2]
3036:[1, 1, 0, 3, 2]
3037:[1, 1, 0, 3, 2]
3038:[1, 1, 0, 3, 2]
3039:[1, 1, 0, 3, 2]
3040:[1, 1, 0, 3, 2]
3041:[1, 1, 0, 3, 2]
3042:[1, 1, 0, 3, 2]
3043:[1, 1, 0, 3, 2]
3044:[1, 1, 0, 3, 2]
3045:[1, 1, 0, 3, 2]
3046:[1, 1, 0, 3, 2]
3047:[1, 1, 0, 3, 2]
3048:[1, 1, 0, 3, 2]
3049:[1, 1, 0, 3, 2]
3050:[1, 1, 0, 3, 2]
3051:[1, 1, 0, 3, 2]
3052:[1, 1, 0, 3, 2]
3053:[1, 1, 0, 3, 2]
3054:[1, 1, 0, 3, 2]
3055:[1, 1, 0, 3, 2]
3056:[1, 1, 0, 3, 2]
3057:[1, 1, 0, 3, 2]
3058:[1, 1, 0, 3, 2]
3059:[1, 1, 0, 3, 2]
3060:[1, 1, 0, 3, 2]
3061:[1, 1, 0, 3, 2]
3062:[1, 1, 0, 3, 2]
3063:[1, 1, 0, 3, 2]
3064:[1, 1, 0, 3, 2]
3065:[1, 1, 0, 3, 2]
3066:[1, 1, 0, 3, 2]
3067:[1, 1, 0, 3, 2]
3068:[1, 1, 0, 3, 2]
3069:[1, 1, 0, 3, 2]
3070:[1, 1, 0, 3, 2]
3071:[1, 1, 0, 3, 2]
3072:[1, 1, 0, 3, 2]
3073:[1, 1, 0, 3, 2]
3074:[1, 1, 0, 3, 2]
3075:[1, 1, 0, 3, 2]
3076:[1, 1, 0, 3, 2]
3077:[1, 1, 0, 3, 2]
3078:[1, 1, 0, 3, 2]
3079:[1, 1, 0, 3, 2]
3080:[1, 1, 0, 3, 2]
3081:[1, 1, 0, 3, 2]
3082:[1, 1, 0, 3, 2]
3083:[1, 1, 0, 3, 2]
3084:[1, 1, 0, 3, 2]
3085:[1, 1, 0, 3, 2]
3086:[1, 1, 0, 3, 2]
3087:[1, 1, 0, 3, 2]
3088:[1, 1, 0, 3, 2]
3089:[1, 1, 0, 3, 2]
3090:[1, 1, 0, 3, 2]
3091:[1, 1, 0, 3, 2]
3092:[1, 1, 0, 3, 2]
3093:[1, 1, 0, 3, 2]
3094:[1, 1, 0, 3, 2]
3095:[1, 1, 0, 3, 2]
3096:[1, 1, 0, 3, 2]
3097:[1, 1, 0, 3, 2]
3098:[1, 1, 0, 3, 2]
3099:[1, 1, 0, 3, 2]
3100:[1, 1, 0, 3, 2]
3101:[1, 1, 0, 3, 2]
3102:[1, 1, 0, 3, 2]
3103:[1, 1, 0, 3, 2]
3104:[1, 1, 0, 3, 2]
3105:[1, 1, 0, 3, 2]
3106:[1, 1, 0, 3, 2]
3107:[1, 1, 0, 3, 2]
3108:[1, 1, 0, 3, 2]
3109:[1, 1, 0, 3, 2]
3110:[1, 1, 0, 3, 2]
3111:[1, 1, 0, 3, 2]
3112:[1, 1, 0, 3, 2]
3113:[1, 1, 0, 3, 2]
3114:[1, 1, 0, 3, 2]
3115:[1, 1, 0, 3, 2]
3116:[1, 1, 0, 3, 2]
3117:[1, 1, 0, 3, 2]
3118:[1, 1, 0, 3, 2]
3119:[1, 1, 0, 3, 2]
3120:[1, 1, 0, 3, 2]
3121:[1, 1, 0, 3, 2]
3122:[1, 1, 0, 3, 2]
3123:[1, 1, 0, 3, 2]
3124:[1, 1, 0, 3, 2]
3125:[1, 1, 0, 3, 2]
3126:[1, 1, 0, 3, 2]
3127:[1, 1, 0, 3, 2]
3128:[1, 1, 0, 3, 2]
3129:[1, 1, 0, 3, 2]
3130:[1, 1, 0, 3, 2]
3131:[1, 1, 0, 3, 2]
3132:[1, 1, 0, 3, 2]
3133:[1, 1, 0, 3, 2]
3134:[1, 1, 0, 3, 2]
3135:[1, 1, 0, 3, 2]
3136:[1, 1, 0, 3, 2]
3137:[1, 1, 0, 3, 2]
3138:[1, 1, 0, 3, 2]
3139:[1, 1, 0, 3, 2]
3140:[1, 1, 0, 3, 2]
3141:[1, 1, 0, 3, 2]
3142:[1, 1, 0, 3, 2]
3143:[1, 1, 0, 3, 2]
3144:[1, 1, 0, 3, 2]
3145:[1, 1, 0, 3, 2]
3146:[1, 1, 0, 3, 2]
3147:[1, 1, 0, 3, 2]
3148:[1, 1, 0, 3, 2]
3149:[1, 1, 0, 3, 2]
3150:[1, 1, 0, 3, 2]
3151:[1, 1, 0, 3, 2]
3152:[1, 1, 0, 3, 2]
3153:[1, 1, 0, 3, 2]
3154:[1, 1, 0, 3, 2]
3155:[1, 1, 0, 3, 2]
3156:[1, 1, 0, 3, 2]
3157:[1, 1, 0, 3, 2]
3158:[1, 1, 0, 3, 2]
3159:[1, 1, 0, 3, 2]
3160:[1, 1, 0, 3, 2]
3161:[1, 1, 0, 3, 2]
3162:[1, 1, 0, 3, 2]
3163:[1, 1, 0, 3, 2]
3164:[1, 1, 0, 3, 2]
3165:[1, 1, 0, 3, 2]
3166:[1, 1, 0, 3, 2]
3167:[1, 1, 0, 3, 2]
3168:[1, 1, 0, 3, 2]
